gbifID,publishingOrgKey
2365686427,4f1aa16c-ac1f-4e25-95fa-70bd71b7a0b4
2365686418,4f1aa16c-ac1f-4e25-95fa-70bd71b7a0b4
2365686416,4f1aa16c-ac1f-4e25-95fa-70bd71b7a0b4
2365686414,4f1aa16c-ac1f-4e25-95fa-70bd71b7a0b4
2365686412,4f1aa16c-ac1f-4e25-95fa-70bd71b7a0b4
2365686409,4f1aa16c-ac1f-4e25-95fa-70bd71b7a0b4
2365686408,4f1aa16c-ac1f-4e25-95fa-70bd71b7a0b4
2365686407,4f1aa16c-ac1f-4e25-95fa-70bd71b7a0b4
2365686406,4f1aa16c-ac1f-4e25-95fa-70bd71b7a0b4
2365686405,4f1aa16c-ac1f-4e25-95fa-70bd71b7a0b4
2365686403,4f1aa16c-ac1f-4e25-95fa-70bd71b7a0b4
2365686397,4f1aa16c-ac1f-4e25-95fa-70bd71b7a0b4
2365686396,4f1aa16c-ac1f-4e25-95fa-70bd71b7a0b4
2365686394,4f1aa16c-ac1f-4e25-95fa-70bd71b7a0b4
2365686393,4f1aa16c-ac1f-4e25-95fa-70bd71b7a0b4
2365686392,4f1aa16c-ac1f-4e25-95fa-70bd71b7a0b4
2365686391,4f1aa16c-ac1f-4e25-95fa-70bd71b7a0b4
2365686390,4f1aa16c-ac1f-4e25-95fa-70bd71b7a0b4
2365686389,4f1aa16c-ac1f-4e25-95fa-70bd71b7a0b4
2365686388,4f1aa16c-ac1f-4e25-95fa-70bd71b7a0b4
2365686387,4f1aa16c-ac1f-4e25-95fa-70bd71b7a0b4
2365686386,4f1aa16c-ac1f-4e25-95fa-70bd71b7a0b4
2365686385,4f1aa16c-ac1f-4e25-95fa-70bd71b7a0b4
2365686384,4f1aa16c-ac1f-4e25-95fa-70bd71b7a0b4
2365686382,4f1aa16c-ac1f-4e25-95fa-70bd71b7a0b4
2365686381,4f1aa16c-ac1f-4e25-95fa-70bd71b7a0b4
2365686380,4f1aa16c-ac1f-4e25-95fa-70bd71b7a0b4
2365686379,4f1aa16c-ac1f-4e25-95fa-70bd71b7a0b4
2365686377,4f1aa16c-ac1f-4e25-95fa-70bd71b7a0b4
2365686376,4f1aa16c-ac1f-4e25-95fa-70bd71b7a0b4
2365686375,4f1aa16c-ac1f-4e25-95fa-70bd71b7a0b4
2365686373,4f1aa16c-ac1f-4e25-95fa-70bd71b7a0b4
2365686370,4f1aa16c-ac1f-4e25-95fa-70bd71b7a0b4
2365686369,4f1aa16c-ac1f-4e25-95fa-70bd71b7a0b4
2365686367,4f1aa16c-ac1f-4e25-95fa-70bd71b7a0b4
2365686366,4f1aa16c-ac1f-4e25-95fa-70bd71b7a0b4
2365686364,4f1aa16c-ac1f-4e25-95fa-70bd71b7a0b4
2365686362,4f1aa16c-ac1f-4e25-95fa-70bd71b7a0b4
2365686360,4f1aa16c-ac1f-4e25-95fa-70bd71b7a0b4
2365686359,4f1aa16c-ac1f-4e25-95fa-70bd71b7a0b4
2365686358,4f1aa16c-ac1f-4e25-95fa-70bd71b7a0b4
2365686356,4f1aa16c-ac1f-4e25-95fa-70bd71b7a0b4
2365686355,4f1aa16c-ac1f-4e25-95fa-70bd71b7a0b4
2365686354,4f1aa16c-ac1f-4e25-95fa-70bd71b7a0b4
2365686353,4f1aa16c-ac1f-4e25-95fa-70bd71b7a0b4
2365686347,4f1aa16c-ac1f-4e25-95fa-70bd71b7a0b4
2365686346,4f1aa16c-ac1f-4e25-95fa-70bd71b7a0b4
2365686343,4f1aa16c-ac1f-4e25-95fa-70bd71b7a0b4
2365686340,4f1aa16c-ac1f-4e25-95fa-70bd71b7a0b4
2365686339,4f1aa16c-ac1f-4e25-95fa-70bd71b7a0b4
2365686338,4f1aa16c-ac1f-4e25-95fa-70bd71b7a0b4
2365686337,4f1aa16c-ac1f-4e25-95fa-70bd71b7a0b4
2365686336,4f1aa16c-ac1f-4e25-95fa-70bd71b7a0b4
2365686332,4f1aa16c-ac1f-4e25-95fa-70bd71b7a0b4
2365686331,4f1aa16c-ac1f-4e25-95fa-70bd71b7a0b4
2365686330,4f1aa16c-ac1f-4e25-95fa-70bd71b7a0b4
2365686328,4f1aa16c-ac1f-4e25-95fa-70bd71b7a0b4
2365686325,4f1aa16c-ac1f-4e25-95fa-70bd71b7a0b4
2365686324,4f1aa16c-ac1f-4e25-95fa-70bd71b7a0b4
2365686320,4f1aa16c-ac1f-4e25-95fa-70bd71b7a0b4
2365686318,4f1aa16c-ac1f-4e25-95fa-70bd71b7a0b4
2365686317,4f1aa16c-ac1f-4e25-95fa-70bd71b7a0b4
2365686316,4f1aa16c-ac1f-4e25-95fa-70bd71b7a0b4
2365686311,4f1aa16c-ac1f-4e25-95fa-70bd71b7a0b4
2365686308,4f1aa16c-ac1f-4e25-95fa-70bd71b7a0b4
2365686307,4f1aa16c-ac1f-4e25-95fa-70bd71b7a0b4
2365686304,4f1aa16c-ac1f-4e25-95fa-70bd71b7a0b4
2365686303,4f1aa16c-ac1f-4e25-95fa-70bd71b7a0b4
2365686200,4f1aa16c-ac1f-4e25-95fa-70bd71b7a0b4
2365686199,4f1aa16c-ac1f-4e25-95fa-70bd71b7a0b4
2365686198,4f1aa16c-ac1f-4e25-95fa-70bd71b7a0b4
2365686193,4f1aa16c-ac1f-4e25-95fa-70bd71b7a0b4
2365686192,4f1aa16c-ac1f-4e25-95fa-70bd71b7a0b4
2365686191,4f1aa16c-ac1f-4e25-95fa-70bd71b7a0b4
2365686190,4f1aa16c-ac1f-4e25-95fa-70bd71b7a0b4
2365686189,4f1aa16c-ac1f-4e25-95fa-70bd71b7a0b4
2365686187,4f1aa16c-ac1f-4e25-95fa-70bd71b7a0b4
2365686184,4f1aa16c-ac1f-4e25-95fa-70bd71b7a0b4
2365686180,4f1aa16c-ac1f-4e25-95fa-70bd71b7a0b4
2365686177,4f1aa16c-ac1f-4e25-95fa-70bd71b7a0b4
2365686175,4f1aa16c-ac1f-4e25-95fa-70bd71b7a0b4
2365686174,4f1aa16c-ac1f-4e25-95fa-70bd71b7a0b4
2365686173,4f1aa16c-ac1f-4e25-95fa-70bd71b7a0b4
2365686171,4f1aa16c-ac1f-4e25-95fa-70bd71b7a0b4
2365686165,4f1aa16c-ac1f-4e25-95fa-70bd71b7a0b4
2365686160,4f1aa16c-ac1f-4e25-95fa-70bd71b7a0b4
2365686158,4f1aa16c-ac1f-4e25-95fa-70bd71b7a0b4
2365686157,4f1aa16c-ac1f-4e25-95fa-70bd71b7a0b4
2365686154,4f1aa16c-ac1f-4e25-95fa-70bd71b7a0b4
2365686151,4f1aa16c-ac1f-4e25-95fa-70bd71b7a0b4
2365686149,4f1aa16c-ac1f-4e25-95fa-70bd71b7a0b4
2365686148,4f1aa16c-ac1f-4e25-95fa-70bd71b7a0b4
2365686145,4f1aa16c-ac1f-4e25-95fa-70bd71b7a0b4
2365686144,4f1aa16c-ac1f-4e25-95fa-70bd71b7a0b4
2365686139,4f1aa16c-ac1f-4e25-95fa-70bd71b7a0b4
2365686135,4f1aa16c-ac1f-4e25-95fa-70bd71b7a0b4
2365686133,4f1aa16c-ac1f-4e25-95fa-70bd71b7a0b4
2365686132,4f1aa16c-ac1f-4e25-95fa-70bd71b7a0b4
2365686129,4f1aa16c-ac1f-4e25-95fa-70bd71b7a0b4
2365686128,4f1aa16c-ac1f-4e25-95fa-70bd71b7a0b4
2365686125,4f1aa16c-ac1f-4e25-95fa-70bd71b7a0b4
2365686124,4f1aa16c-ac1f-4e25-95fa-70bd71b7a0b4
2365686123,4f1aa16c-ac1f-4e25-95fa-70bd71b7a0b4
2365686117,4f1aa16c-ac1f-4e25-95fa-70bd71b7a0b4
2365686116,4f1aa16c-ac1f-4e25-95fa-70bd71b7a0b4
2365686115,4f1aa16c-ac1f-4e25-95fa-70bd71b7a0b4
2365686113,4f1aa16c-ac1f-4e25-95fa-70bd71b7a0b4
2365686111,4f1aa16c-ac1f-4e25-95fa-70bd71b7a0b4
2365686110,4f1aa16c-ac1f-4e25-95fa-70bd71b7a0b4
2365686106,4f1aa16c-ac1f-4e25-95fa-70bd71b7a0b4
2365686105,4f1aa16c-ac1f-4e25-95fa-70bd71b7a0b4
2365686103,4f1aa16c-ac1f-4e25-95fa-70bd71b7a0b4
2365686100,4f1aa16c-ac1f-4e25-95fa-70bd71b7a0b4
2365686098,4f1aa16c-ac1f-4e25-95fa-70bd71b7a0b4
2365686094,4f1aa16c-ac1f-4e25-95fa-70bd71b7a0b4
2365686088,4f1aa16c-ac1f-4e25-95fa-70bd71b7a0b4
2365686087,4f1aa16c-ac1f-4e25-95fa-70bd71b7a0b4
2365686085,4f1aa16c-ac1f-4e25-95fa-70bd71b7a0b4
2365686083,4f1aa16c-ac1f-4e25-95fa-70bd71b7a0b4
2365686081,4f1aa16c-ac1f-4e25-95fa-70bd71b7a0b4
2365686079,4f1aa16c-ac1f-4e25-95fa-70bd71b7a0b4
2365686078,4f1aa16c-ac1f-4e25-95fa-70bd71b7a0b4
2365686077,4f1aa16c-ac1f-4e25-95fa-70bd71b7a0b4
2365686076,4f1aa16c-ac1f-4e25-95fa-70bd71b7a0b4
2365686074,4f1aa16c-ac1f-4e25-95fa-70bd71b7a0b4
2365686070,4f1aa16c-ac1f-4e25-95fa-70bd71b7a0b4
2365686066,4f1aa16c-ac1f-4e25-95fa-70bd71b7a0b4
2365686065,4f1aa16c-ac1f-4e25-95fa-70bd71b7a0b4
2365686061,4f1aa16c-ac1f-4e25-95fa-70bd71b7a0b4
2365686058,4f1aa16c-ac1f-4e25-95fa-70bd71b7a0b4
2365686056,4f1aa16c-ac1f-4e25-95fa-70bd71b7a0b4
2365686052,4f1aa16c-ac1f-4e25-95fa-70bd71b7a0b4
2365686049,4f1aa16c-ac1f-4e25-95fa-70bd71b7a0b4
2365686044,4f1aa16c-ac1f-4e25-95fa-70bd71b7a0b4
2365686040,4f1aa16c-ac1f-4e25-95fa-70bd71b7a0b4
2365686036,4f1aa16c-ac1f-4e25-95fa-70bd71b7a0b4
2365686034,4f1aa16c-ac1f-4e25-95fa-70bd71b7a0b4
2365686023,4f1aa16c-ac1f-4e25-95fa-70bd71b7a0b4
2365686021,4f1aa16c-ac1f-4e25-95fa-70bd71b7a0b4
2365686020,4f1aa16c-ac1f-4e25-95fa-70bd71b7a0b4
2365686019,4f1aa16c-ac1f-4e25-95fa-70bd71b7a0b4
2365686018,4f1aa16c-ac1f-4e25-95fa-70bd71b7a0b4
2365686016,4f1aa16c-ac1f-4e25-95fa-70bd71b7a0b4
2365686010,4f1aa16c-ac1f-4e25-95fa-70bd71b7a0b4
2365686006,4f1aa16c-ac1f-4e25-95fa-70bd71b7a0b4
2365686000,4f1aa16c-ac1f-4e25-95fa-70bd71b7a0b4
2365685996,4f1aa16c-ac1f-4e25-95fa-70bd71b7a0b4
2365685995,4f1aa16c-ac1f-4e25-95fa-70bd71b7a0b4
2365685991,4f1aa16c-ac1f-4e25-95fa-70bd71b7a0b4
2365685989,4f1aa16c-ac1f-4e25-95fa-70bd71b7a0b4
2365685987,4f1aa16c-ac1f-4e25-95fa-70bd71b7a0b4
2365685986,4f1aa16c-ac1f-4e25-95fa-70bd71b7a0b4
2365685984,4f1aa16c-ac1f-4e25-95fa-70bd71b7a0b4
2365685982,4f1aa16c-ac1f-4e25-95fa-70bd71b7a0b4
2365685978,4f1aa16c-ac1f-4e25-95fa-70bd71b7a0b4
2365685977,4f1aa16c-ac1f-4e25-95fa-70bd71b7a0b4
2365685974,4f1aa16c-ac1f-4e25-95fa-70bd71b7a0b4
2365685973,4f1aa16c-ac1f-4e25-95fa-70bd71b7a0b4
2365685971,4f1aa16c-ac1f-4e25-95fa-70bd71b7a0b4
2365685967,4f1aa16c-ac1f-4e25-95fa-70bd71b7a0b4
2365685963,4f1aa16c-ac1f-4e25-95fa-70bd71b7a0b4
2365685962,4f1aa16c-ac1f-4e25-95fa-70bd71b7a0b4
2365685961,4f1aa16c-ac1f-4e25-95fa-70bd71b7a0b4
2365685960,4f1aa16c-ac1f-4e25-95fa-70bd71b7a0b4
2365685959,4f1aa16c-ac1f-4e25-95fa-70bd71b7a0b4
2365685953,4f1aa16c-ac1f-4e25-95fa-70bd71b7a0b4
2365685948,4f1aa16c-ac1f-4e25-95fa-70bd71b7a0b4
2365685947,4f1aa16c-ac1f-4e25-95fa-70bd71b7a0b4
2365685946,4f1aa16c-ac1f-4e25-95fa-70bd71b7a0b4
2365685944,4f1aa16c-ac1f-4e25-95fa-70bd71b7a0b4
2365685943,4f1aa16c-ac1f-4e25-95fa-70bd71b7a0b4
2365685936,4f1aa16c-ac1f-4e25-95fa-70bd71b7a0b4
2365685935,4f1aa16c-ac1f-4e25-95fa-70bd71b7a0b4
2365685933,4f1aa16c-ac1f-4e25-95fa-70bd71b7a0b4
2365685932,4f1aa16c-ac1f-4e25-95fa-70bd71b7a0b4
2365685929,4f1aa16c-ac1f-4e25-95fa-70bd71b7a0b4
2365685924,4f1aa16c-ac1f-4e25-95fa-70bd71b7a0b4
2365685923,4f1aa16c-ac1f-4e25-95fa-70bd71b7a0b4
2365685922,4f1aa16c-ac1f-4e25-95fa-70bd71b7a0b4
2365685919,4f1aa16c-ac1f-4e25-95fa-70bd71b7a0b4
2365685915,4f1aa16c-ac1f-4e25-95fa-70bd71b7a0b4
2365685914,4f1aa16c-ac1f-4e25-95fa-70bd71b7a0b4
2365685911,4f1aa16c-ac1f-4e25-95fa-70bd71b7a0b4
2365685908,4f1aa16c-ac1f-4e25-95fa-70bd71b7a0b4
2365685903,4f1aa16c-ac1f-4e25-95fa-70bd71b7a0b4
2365685902,4f1aa16c-ac1f-4e25-95fa-70bd71b7a0b4
2365685901,4f1aa16c-ac1f-4e25-95fa-70bd71b7a0b4
2365685899,4f1aa16c-ac1f-4e25-95fa-70bd71b7a0b4
2365685898,4f1aa16c-ac1f-4e25-95fa-70bd71b7a0b4
2365685896,4f1aa16c-ac1f-4e25-95fa-70bd71b7a0b4
2365685893,4f1aa16c-ac1f-4e25-95fa-70bd71b7a0b4
2365685886,4f1aa16c-ac1f-4e25-95fa-70bd71b7a0b4
2365685884,4f1aa16c-ac1f-4e25-95fa-70bd71b7a0b4
2365685882,4f1aa16c-ac1f-4e25-95fa-70bd71b7a0b4
2365685877,4f1aa16c-ac1f-4e25-95fa-70bd71b7a0b4
2365685876,4f1aa16c-ac1f-4e25-95fa-70bd71b7a0b4
2365685875,4f1aa16c-ac1f-4e25-95fa-70bd71b7a0b4
2365685874,4f1aa16c-ac1f-4e25-95fa-70bd71b7a0b4
2365685871,4f1aa16c-ac1f-4e25-95fa-70bd71b7a0b4
2365685870,4f1aa16c-ac1f-4e25-95fa-70bd71b7a0b4
2365685867,4f1aa16c-ac1f-4e25-95fa-70bd71b7a0b4
2365685865,4f1aa16c-ac1f-4e25-95fa-70bd71b7a0b4
2365685861,4f1aa16c-ac1f-4e25-95fa-70bd71b7a0b4
2365685860,4f1aa16c-ac1f-4e25-95fa-70bd71b7a0b4
2365685859,4f1aa16c-ac1f-4e25-95fa-70bd71b7a0b4
2365685855,4f1aa16c-ac1f-4e25-95fa-70bd71b7a0b4
2365685854,4f1aa16c-ac1f-4e25-95fa-70bd71b7a0b4
2365685852,4f1aa16c-ac1f-4e25-95fa-70bd71b7a0b4
2365685851,4f1aa16c-ac1f-4e25-95fa-70bd71b7a0b4
2365685848,4f1aa16c-ac1f-4e25-95fa-70bd71b7a0b4
2365685847,4f1aa16c-ac1f-4e25-95fa-70bd71b7a0b4
2365685846,4f1aa16c-ac1f-4e25-95fa-70bd71b7a0b4
2365685845,4f1aa16c-ac1f-4e25-95fa-70bd71b7a0b4
2365685844,4f1aa16c-ac1f-4e25-95fa-70bd71b7a0b4
2365685842,4f1aa16c-ac1f-4e25-95fa-70bd71b7a0b4
2365685841,4f1aa16c-ac1f-4e25-95fa-70bd71b7a0b4
2365685840,4f1aa16c-ac1f-4e25-95fa-70bd71b7a0b4
2365685837,4f1aa16c-ac1f-4e25-95fa-70bd71b7a0b4
2365685833,4f1aa16c-ac1f-4e25-95fa-70bd71b7a0b4
2365685831,4f1aa16c-ac1f-4e25-95fa-70bd71b7a0b4
2365685830,4f1aa16c-ac1f-4e25-95fa-70bd71b7a0b4
2365685828,4f1aa16c-ac1f-4e25-95fa-70bd71b7a0b4
2365685826,4f1aa16c-ac1f-4e25-95fa-70bd71b7a0b4
2365685825,4f1aa16c-ac1f-4e25-95fa-70bd71b7a0b4
2365685824,4f1aa16c-ac1f-4e25-95fa-70bd71b7a0b4
2365685823,4f1aa16c-ac1f-4e25-95fa-70bd71b7a0b4
2365685818,4f1aa16c-ac1f-4e25-95fa-70bd71b7a0b4
2365685817,4f1aa16c-ac1f-4e25-95fa-70bd71b7a0b4
2365685816,4f1aa16c-ac1f-4e25-95fa-70bd71b7a0b4
2365685814,4f1aa16c-ac1f-4e25-95fa-70bd71b7a0b4
2365685810,4f1aa16c-ac1f-4e25-95fa-70bd71b7a0b4
2365685809,4f1aa16c-ac1f-4e25-95fa-70bd71b7a0b4
2365685807,4f1aa16c-ac1f-4e25-95fa-70bd71b7a0b4
2365685806,4f1aa16c-ac1f-4e25-95fa-70bd71b7a0b4
2365685805,4f1aa16c-ac1f-4e25-95fa-70bd71b7a0b4
2365685800,4f1aa16c-ac1f-4e25-95fa-70bd71b7a0b4
2365685799,4f1aa16c-ac1f-4e25-95fa-70bd71b7a0b4
2365685798,4f1aa16c-ac1f-4e25-95fa-70bd71b7a0b4
2365685797,4f1aa16c-ac1f-4e25-95fa-70bd71b7a0b4
2365685796,4f1aa16c-ac1f-4e25-95fa-70bd71b7a0b4
2365685795,4f1aa16c-ac1f-4e25-95fa-70bd71b7a0b4
2365685794,4f1aa16c-ac1f-4e25-95fa-70bd71b7a0b4
2365685792,4f1aa16c-ac1f-4e25-95fa-70bd71b7a0b4
2365685791,4f1aa16c-ac1f-4e25-95fa-70bd71b7a0b4
2365685790,4f1aa16c-ac1f-4e25-95fa-70bd71b7a0b4
2365685789,4f1aa16c-ac1f-4e25-95fa-70bd71b7a0b4
2365685788,4f1aa16c-ac1f-4e25-95fa-70bd71b7a0b4
2365685787,4f1aa16c-ac1f-4e25-95fa-70bd71b7a0b4
2365685786,4f1aa16c-ac1f-4e25-95fa-70bd71b7a0b4
2365685783,4f1aa16c-ac1f-4e25-95fa-70bd71b7a0b4
2365685781,4f1aa16c-ac1f-4e25-95fa-70bd71b7a0b4
2365685779,4f1aa16c-ac1f-4e25-95fa-70bd71b7a0b4
2365685778,4f1aa16c-ac1f-4e25-95fa-70bd71b7a0b4
2365685774,4f1aa16c-ac1f-4e25-95fa-70bd71b7a0b4
2365685773,4f1aa16c-ac1f-4e25-95fa-70bd71b7a0b4
2365685769,4f1aa16c-ac1f-4e25-95fa-70bd71b7a0b4
2365685764,4f1aa16c-ac1f-4e25-95fa-70bd71b7a0b4
2365685762,4f1aa16c-ac1f-4e25-95fa-70bd71b7a0b4
2365685759,4f1aa16c-ac1f-4e25-95fa-70bd71b7a0b4
2365685756,4f1aa16c-ac1f-4e25-95fa-70bd71b7a0b4
2365685755,4f1aa16c-ac1f-4e25-95fa-70bd71b7a0b4
2365685750,4f1aa16c-ac1f-4e25-95fa-70bd71b7a0b4
2365685749,4f1aa16c-ac1f-4e25-95fa-70bd71b7a0b4
2365685748,4f1aa16c-ac1f-4e25-95fa-70bd71b7a0b4
2365685746,4f1aa16c-ac1f-4e25-95fa-70bd71b7a0b4
2365685744,4f1aa16c-ac1f-4e25-95fa-70bd71b7a0b4
2365685742,4f1aa16c-ac1f-4e25-95fa-70bd71b7a0b4
2365685740,4f1aa16c-ac1f-4e25-95fa-70bd71b7a0b4
2365685739,4f1aa16c-ac1f-4e25-95fa-70bd71b7a0b4
2365685733,4f1aa16c-ac1f-4e25-95fa-70bd71b7a0b4
2365685732,4f1aa16c-ac1f-4e25-95fa-70bd71b7a0b4
2365685731,4f1aa16c-ac1f-4e25-95fa-70bd71b7a0b4
2365685729,4f1aa16c-ac1f-4e25-95fa-70bd71b7a0b4
2365685726,4f1aa16c-ac1f-4e25-95fa-70bd71b7a0b4
2365685723,4f1aa16c-ac1f-4e25-95fa-70bd71b7a0b4
2365685722,4f1aa16c-ac1f-4e25-95fa-70bd71b7a0b4
2365685720,4f1aa16c-ac1f-4e25-95fa-70bd71b7a0b4
2365685714,4f1aa16c-ac1f-4e25-95fa-70bd71b7a0b4
2365685708,4f1aa16c-ac1f-4e25-95fa-70bd71b7a0b4
2365685707,4f1aa16c-ac1f-4e25-95fa-70bd71b7a0b4
2365685705,4f1aa16c-ac1f-4e25-95fa-70bd71b7a0b4
2365685704,4f1aa16c-ac1f-4e25-95fa-70bd71b7a0b4
2365685703,4f1aa16c-ac1f-4e25-95fa-70bd71b7a0b4
2365685699,4f1aa16c-ac1f-4e25-95fa-70bd71b7a0b4
2365685697,4f1aa16c-ac1f-4e25-95fa-70bd71b7a0b4
2365685691,4f1aa16c-ac1f-4e25-95fa-70bd71b7a0b4
2365685689,4f1aa16c-ac1f-4e25-95fa-70bd71b7a0b4
2365685685,4f1aa16c-ac1f-4e25-95fa-70bd71b7a0b4
2365685684,4f1aa16c-ac1f-4e25-95fa-70bd71b7a0b4
2365685677,4f1aa16c-ac1f-4e25-95fa-70bd71b7a0b4
2365685666,4f1aa16c-ac1f-4e25-95fa-70bd71b7a0b4
2365685663,4f1aa16c-ac1f-4e25-95fa-70bd71b7a0b4
2365685658,4f1aa16c-ac1f-4e25-95fa-70bd71b7a0b4
2365685655,4f1aa16c-ac1f-4e25-95fa-70bd71b7a0b4
2365685650,4f1aa16c-ac1f-4e25-95fa-70bd71b7a0b4
2365685649,4f1aa16c-ac1f-4e25-95fa-70bd71b7a0b4
2365685646,4f1aa16c-ac1f-4e25-95fa-70bd71b7a0b4
2365685644,4f1aa16c-ac1f-4e25-95fa-70bd71b7a0b4
2365685643,4f1aa16c-ac1f-4e25-95fa-70bd71b7a0b4
2365685639,4f1aa16c-ac1f-4e25-95fa-70bd71b7a0b4
2365685637,4f1aa16c-ac1f-4e25-95fa-70bd71b7a0b4
2365685631,4f1aa16c-ac1f-4e25-95fa-70bd71b7a0b4
2365685624,4f1aa16c-ac1f-4e25-95fa-70bd71b7a0b4
2365685598,4f1aa16c-ac1f-4e25-95fa-70bd71b7a0b4
2365685596,4f1aa16c-ac1f-4e25-95fa-70bd71b7a0b4
2365685592,4f1aa16c-ac1f-4e25-95fa-70bd71b7a0b4
2365685587,4f1aa16c-ac1f-4e25-95fa-70bd71b7a0b4
2365685580,4f1aa16c-ac1f-4e25-95fa-70bd71b7a0b4
2365685578,4f1aa16c-ac1f-4e25-95fa-70bd71b7a0b4
2365685573,4f1aa16c-ac1f-4e25-95fa-70bd71b7a0b4
2365685562,4f1aa16c-ac1f-4e25-95fa-70bd71b7a0b4
2365685559,4f1aa16c-ac1f-4e25-95fa-70bd71b7a0b4
2365685556,4f1aa16c-ac1f-4e25-95fa-70bd71b7a0b4
2365685552,4f1aa16c-ac1f-4e25-95fa-70bd71b7a0b4
2365685550,4f1aa16c-ac1f-4e25-95fa-70bd71b7a0b4
2365685534,4f1aa16c-ac1f-4e25-95fa-70bd71b7a0b4
2365685521,4f1aa16c-ac1f-4e25-95fa-70bd71b7a0b4
2365685520,4f1aa16c-ac1f-4e25-95fa-70bd71b7a0b4
2365685516,4f1aa16c-ac1f-4e25-95fa-70bd71b7a0b4
2365685498,4f1aa16c-ac1f-4e25-95fa-70bd71b7a0b4
2365685493,4f1aa16c-ac1f-4e25-95fa-70bd71b7a0b4
2365685489,4f1aa16c-ac1f-4e25-95fa-70bd71b7a0b4
2365685488,4f1aa16c-ac1f-4e25-95fa-70bd71b7a0b4
2365685480,4f1aa16c-ac1f-4e25-95fa-70bd71b7a0b4
2365685469,4f1aa16c-ac1f-4e25-95fa-70bd71b7a0b4
2365685456,4f1aa16c-ac1f-4e25-95fa-70bd71b7a0b4
2365685454,4f1aa16c-ac1f-4e25-95fa-70bd71b7a0b4
2365685449,4f1aa16c-ac1f-4e25-95fa-70bd71b7a0b4
2365685447,4f1aa16c-ac1f-4e25-95fa-70bd71b7a0b4
2365685445,4f1aa16c-ac1f-4e25-95fa-70bd71b7a0b4
2365685434,4f1aa16c-ac1f-4e25-95fa-70bd71b7a0b4
2365685432,4f1aa16c-ac1f-4e25-95fa-70bd71b7a0b4
2365685426,4f1aa16c-ac1f-4e25-95fa-70bd71b7a0b4
1913497256,4f1aa16c-ac1f-4e25-95fa-70bd71b7a0b4
1913497255,4f1aa16c-ac1f-4e25-95fa-70bd71b7a0b4
1913497254,4f1aa16c-ac1f-4e25-95fa-70bd71b7a0b4
1913497253,4f1aa16c-ac1f-4e25-95fa-70bd71b7a0b4
1913497252,4f1aa16c-ac1f-4e25-95fa-70bd71b7a0b4
1913497251,4f1aa16c-ac1f-4e25-95fa-70bd71b7a0b4
1913497250,4f1aa16c-ac1f-4e25-95fa-70bd71b7a0b4
1913497249,4f1aa16c-ac1f-4e25-95fa-70bd71b7a0b4
1913497248,4f1aa16c-ac1f-4e25-95fa-70bd71b7a0b4
1913497247,4f1aa16c-ac1f-4e25-95fa-70bd71b7a0b4
1913497246,4f1aa16c-ac1f-4e25-95fa-70bd71b7a0b4
1913497245,4f1aa16c-ac1f-4e25-95fa-70bd71b7a0b4
1913497244,4f1aa16c-ac1f-4e25-95fa-70bd71b7a0b4
1913497243,4f1aa16c-ac1f-4e25-95fa-70bd71b7a0b4
1913497242,4f1aa16c-ac1f-4e25-95fa-70bd71b7a0b4
1913497241,4f1aa16c-ac1f-4e25-95fa-70bd71b7a0b4
1913497240,4f1aa16c-ac1f-4e25-95fa-70bd71b7a0b4
1913497239,4f1aa16c-ac1f-4e25-95fa-70bd71b7a0b4
1913497238,4f1aa16c-ac1f-4e25-95fa-70bd71b7a0b4
1913497237,4f1aa16c-ac1f-4e25-95fa-70bd71b7a0b4
1913497236,4f1aa16c-ac1f-4e25-95fa-70bd71b7a0b4
1913497235,4f1aa16c-ac1f-4e25-95fa-70bd71b7a0b4
1913497234,4f1aa16c-ac1f-4e25-95fa-70bd71b7a0b4
1913497233,4f1aa16c-ac1f-4e25-95fa-70bd71b7a0b4
1913497232,4f1aa16c-ac1f-4e25-95fa-70bd71b7a0b4
1913497231,4f1aa16c-ac1f-4e25-95fa-70bd71b7a0b4
1913497230,4f1aa16c-ac1f-4e25-95fa-70bd71b7a0b4
1913497229,4f1aa16c-ac1f-4e25-95fa-70bd71b7a0b4
1913497228,4f1aa16c-ac1f-4e25-95fa-70bd71b7a0b4
1913497227,4f1aa16c-ac1f-4e25-95fa-70bd71b7a0b4
1913497226,4f1aa16c-ac1f-4e25-95fa-70bd71b7a0b4
1913497225,4f1aa16c-ac1f-4e25-95fa-70bd71b7a0b4
1913497224,4f1aa16c-ac1f-4e25-95fa-70bd71b7a0b4
1913497223,4f1aa16c-ac1f-4e25-95fa-70bd71b7a0b4
1913497222,4f1aa16c-ac1f-4e25-95fa-70bd71b7a0b4
1913497221,4f1aa16c-ac1f-4e25-95fa-70bd71b7a0b4
1913497220,4f1aa16c-ac1f-4e25-95fa-70bd71b7a0b4
1913497219,4f1aa16c-ac1f-4e25-95fa-70bd71b7a0b4
1913497218,4f1aa16c-ac1f-4e25-95fa-70bd71b7a0b4
1913497217,4f1aa16c-ac1f-4e25-95fa-70bd71b7a0b4
1913497216,4f1aa16c-ac1f-4e25-95fa-70bd71b7a0b4
1913497215,4f1aa16c-ac1f-4e25-95fa-70bd71b7a0b4
1913497214,4f1aa16c-ac1f-4e25-95fa-70bd71b7a0b4
1913497213,4f1aa16c-ac1f-4e25-95fa-70bd71b7a0b4
1913497212,4f1aa16c-ac1f-4e25-95fa-70bd71b7a0b4
1913497211,4f1aa16c-ac1f-4e25-95fa-70bd71b7a0b4
1913497210,4f1aa16c-ac1f-4e25-95fa-70bd71b7a0b4
1913497209,4f1aa16c-ac1f-4e25-95fa-70bd71b7a0b4
1913497208,4f1aa16c-ac1f-4e25-95fa-70bd71b7a0b4
1913497207,4f1aa16c-ac1f-4e25-95fa-70bd71b7a0b4
1913497206,4f1aa16c-ac1f-4e25-95fa-70bd71b7a0b4
1913497205,4f1aa16c-ac1f-4e25-95fa-70bd71b7a0b4
1913497204,4f1aa16c-ac1f-4e25-95fa-70bd71b7a0b4
1913497203,4f1aa16c-ac1f-4e25-95fa-70bd71b7a0b4
1913497202,4f1aa16c-ac1f-4e25-95fa-70bd71b7a0b4
1913497201,4f1aa16c-ac1f-4e25-95fa-70bd71b7a0b4
1913497200,4f1aa16c-ac1f-4e25-95fa-70bd71b7a0b4
1913497199,4f1aa16c-ac1f-4e25-95fa-70bd71b7a0b4
1913497198,4f1aa16c-ac1f-4e25-95fa-70bd71b7a0b4
1913497197,4f1aa16c-ac1f-4e25-95fa-70bd71b7a0b4
1913497196,4f1aa16c-ac1f-4e25-95fa-70bd71b7a0b4
1913497195,4f1aa16c-ac1f-4e25-95fa-70bd71b7a0b4
1913497194,4f1aa16c-ac1f-4e25-95fa-70bd71b7a0b4
1913497193,4f1aa16c-ac1f-4e25-95fa-70bd71b7a0b4
1913497192,4f1aa16c-ac1f-4e25-95fa-70bd71b7a0b4
1913497191,4f1aa16c-ac1f-4e25-95fa-70bd71b7a0b4
1913497190,4f1aa16c-ac1f-4e25-95fa-70bd71b7a0b4
1913497189,4f1aa16c-ac1f-4e25-95fa-70bd71b7a0b4
1913497188,4f1aa16c-ac1f-4e25-95fa-70bd71b7a0b4
1913497187,4f1aa16c-ac1f-4e25-95fa-70bd71b7a0b4
1913497186,4f1aa16c-ac1f-4e25-95fa-70bd71b7a0b4
1913497185,4f1aa16c-ac1f-4e25-95fa-70bd71b7a0b4
1913497184,4f1aa16c-ac1f-4e25-95fa-70bd71b7a0b4
1913497183,4f1aa16c-ac1f-4e25-95fa-70bd71b7a0b4
1913497182,4f1aa16c-ac1f-4e25-95fa-70bd71b7a0b4
1913497181,4f1aa16c-ac1f-4e25-95fa-70bd71b7a0b4
1913497180,4f1aa16c-ac1f-4e25-95fa-70bd71b7a0b4
1913497179,4f1aa16c-ac1f-4e25-95fa-70bd71b7a0b4
1913497178,4f1aa16c-ac1f-4e25-95fa-70bd71b7a0b4
1913497177,4f1aa16c-ac1f-4e25-95fa-70bd71b7a0b4
1913497176,4f1aa16c-ac1f-4e25-95fa-70bd71b7a0b4
1913497175,4f1aa16c-ac1f-4e25-95fa-70bd71b7a0b4
1913497174,4f1aa16c-ac1f-4e25-95fa-70bd71b7a0b4
1913497173,4f1aa16c-ac1f-4e25-95fa-70bd71b7a0b4
1913497172,4f1aa16c-ac1f-4e25-95fa-70bd71b7a0b4
1913497171,4f1aa16c-ac1f-4e25-95fa-70bd71b7a0b4
1913497170,4f1aa16c-ac1f-4e25-95fa-70bd71b7a0b4
1913497169,4f1aa16c-ac1f-4e25-95fa-70bd71b7a0b4
1913497168,4f1aa16c-ac1f-4e25-95fa-70bd71b7a0b4
1913497167,4f1aa16c-ac1f-4e25-95fa-70bd71b7a0b4
1913497166,4f1aa16c-ac1f-4e25-95fa-70bd71b7a0b4
1913497165,4f1aa16c-ac1f-4e25-95fa-70bd71b7a0b4
1913497164,4f1aa16c-ac1f-4e25-95fa-70bd71b7a0b4
1913497163,4f1aa16c-ac1f-4e25-95fa-70bd71b7a0b4
1913497162,4f1aa16c-ac1f-4e25-95fa-70bd71b7a0b4
1913497161,4f1aa16c-ac1f-4e25-95fa-70bd71b7a0b4
1913497160,4f1aa16c-ac1f-4e25-95fa-70bd71b7a0b4
1913497159,4f1aa16c-ac1f-4e25-95fa-70bd71b7a0b4
1913497158,4f1aa16c-ac1f-4e25-95fa-70bd71b7a0b4
1913497157,4f1aa16c-ac1f-4e25-95fa-70bd71b7a0b4
1913497156,4f1aa16c-ac1f-4e25-95fa-70bd71b7a0b4
1913497155,4f1aa16c-ac1f-4e25-95fa-70bd71b7a0b4
1913497154,4f1aa16c-ac1f-4e25-95fa-70bd71b7a0b4
1913497153,4f1aa16c-ac1f-4e25-95fa-70bd71b7a0b4
1913497152,4f1aa16c-ac1f-4e25-95fa-70bd71b7a0b4
1913497151,4f1aa16c-ac1f-4e25-95fa-70bd71b7a0b4
1913497150,4f1aa16c-ac1f-4e25-95fa-70bd71b7a0b4
1913497149,4f1aa16c-ac1f-4e25-95fa-70bd71b7a0b4
1913497148,4f1aa16c-ac1f-4e25-95fa-70bd71b7a0b4
1913497147,4f1aa16c-ac1f-4e25-95fa-70bd71b7a0b4
1913497146,4f1aa16c-ac1f-4e25-95fa-70bd71b7a0b4
1913497145,4f1aa16c-ac1f-4e25-95fa-70bd71b7a0b4
1913497144,4f1aa16c-ac1f-4e25-95fa-70bd71b7a0b4
1913497143,4f1aa16c-ac1f-4e25-95fa-70bd71b7a0b4
1913497142,4f1aa16c-ac1f-4e25-95fa-70bd71b7a0b4
1913497141,4f1aa16c-ac1f-4e25-95fa-70bd71b7a0b4
1913497140,4f1aa16c-ac1f-4e25-95fa-70bd71b7a0b4
1913497139,4f1aa16c-ac1f-4e25-95fa-70bd71b7a0b4
1913497138,4f1aa16c-ac1f-4e25-95fa-70bd71b7a0b4
1913497137,4f1aa16c-ac1f-4e25-95fa-70bd71b7a0b4
1913497136,4f1aa16c-ac1f-4e25-95fa-70bd71b7a0b4
1913497135,4f1aa16c-ac1f-4e25-95fa-70bd71b7a0b4
1913497134,4f1aa16c-ac1f-4e25-95fa-70bd71b7a0b4
1913497133,4f1aa16c-ac1f-4e25-95fa-70bd71b7a0b4
1913497132,4f1aa16c-ac1f-4e25-95fa-70bd71b7a0b4
1913497131,4f1aa16c-ac1f-4e25-95fa-70bd71b7a0b4
1913497130,4f1aa16c-ac1f-4e25-95fa-70bd71b7a0b4
1913497129,4f1aa16c-ac1f-4e25-95fa-70bd71b7a0b4
1913497128,4f1aa16c-ac1f-4e25-95fa-70bd71b7a0b4
1913497127,4f1aa16c-ac1f-4e25-95fa-70bd71b7a0b4
1913497126,4f1aa16c-ac1f-4e25-95fa-70bd71b7a0b4
1913497125,4f1aa16c-ac1f-4e25-95fa-70bd71b7a0b4
1913497124,4f1aa16c-ac1f-4e25-95fa-70bd71b7a0b4
1913497123,4f1aa16c-ac1f-4e25-95fa-70bd71b7a0b4
1913497122,4f1aa16c-ac1f-4e25-95fa-70bd71b7a0b4
1913497121,4f1aa16c-ac1f-4e25-95fa-70bd71b7a0b4
1913497120,4f1aa16c-ac1f-4e25-95fa-70bd71b7a0b4
1913497119,4f1aa16c-ac1f-4e25-95fa-70bd71b7a0b4
1913497118,4f1aa16c-ac1f-4e25-95fa-70bd71b7a0b4
1913497117,4f1aa16c-ac1f-4e25-95fa-70bd71b7a0b4
1913497116,4f1aa16c-ac1f-4e25-95fa-70bd71b7a0b4
1913497115,4f1aa16c-ac1f-4e25-95fa-70bd71b7a0b4
1913497114,4f1aa16c-ac1f-4e25-95fa-70bd71b7a0b4
1913497113,4f1aa16c-ac1f-4e25-95fa-70bd71b7a0b4
1913497112,4f1aa16c-ac1f-4e25-95fa-70bd71b7a0b4
1913497111,4f1aa16c-ac1f-4e25-95fa-70bd71b7a0b4
1913497110,4f1aa16c-ac1f-4e25-95fa-70bd71b7a0b4
1913497109,4f1aa16c-ac1f-4e25-95fa-70bd71b7a0b4
1913497108,4f1aa16c-ac1f-4e25-95fa-70bd71b7a0b4
1913497107,4f1aa16c-ac1f-4e25-95fa-70bd71b7a0b4
1913497106,4f1aa16c-ac1f-4e25-95fa-70bd71b7a0b4
1913497105,4f1aa16c-ac1f-4e25-95fa-70bd71b7a0b4
1913497104,4f1aa16c-ac1f-4e25-95fa-70bd71b7a0b4
1913497103,4f1aa16c-ac1f-4e25-95fa-70bd71b7a0b4
1913497102,4f1aa16c-ac1f-4e25-95fa-70bd71b7a0b4
1913497101,4f1aa16c-ac1f-4e25-95fa-70bd71b7a0b4
1913497100,4f1aa16c-ac1f-4e25-95fa-70bd71b7a0b4
1913497099,4f1aa16c-ac1f-4e25-95fa-70bd71b7a0b4
1913497098,4f1aa16c-ac1f-4e25-95fa-70bd71b7a0b4
1913497097,4f1aa16c-ac1f-4e25-95fa-70bd71b7a0b4
1913497096,4f1aa16c-ac1f-4e25-95fa-70bd71b7a0b4
1913497095,4f1aa16c-ac1f-4e25-95fa-70bd71b7a0b4
1913497094,4f1aa16c-ac1f-4e25-95fa-70bd71b7a0b4
1913497093,4f1aa16c-ac1f-4e25-95fa-70bd71b7a0b4
1913497092,4f1aa16c-ac1f-4e25-95fa-70bd71b7a0b4
1913497091,4f1aa16c-ac1f-4e25-95fa-70bd71b7a0b4
1913497090,4f1aa16c-ac1f-4e25-95fa-70bd71b7a0b4
1913497089,4f1aa16c-ac1f-4e25-95fa-70bd71b7a0b4
1913497088,4f1aa16c-ac1f-4e25-95fa-70bd71b7a0b4
1913497087,4f1aa16c-ac1f-4e25-95fa-70bd71b7a0b4
1913497086,4f1aa16c-ac1f-4e25-95fa-70bd71b7a0b4
1913497085,4f1aa16c-ac1f-4e25-95fa-70bd71b7a0b4
1913497084,4f1aa16c-ac1f-4e25-95fa-70bd71b7a0b4
1913497083,4f1aa16c-ac1f-4e25-95fa-70bd71b7a0b4
1913497082,4f1aa16c-ac1f-4e25-95fa-70bd71b7a0b4
1913497081,4f1aa16c-ac1f-4e25-95fa-70bd71b7a0b4
1913497080,4f1aa16c-ac1f-4e25-95fa-70bd71b7a0b4
1913497079,4f1aa16c-ac1f-4e25-95fa-70bd71b7a0b4
1913497078,4f1aa16c-ac1f-4e25-95fa-70bd71b7a0b4
1913497077,4f1aa16c-ac1f-4e25-95fa-70bd71b7a0b4
1913497076,4f1aa16c-ac1f-4e25-95fa-70bd71b7a0b4
1913497075,4f1aa16c-ac1f-4e25-95fa-70bd71b7a0b4
1913497074,4f1aa16c-ac1f-4e25-95fa-70bd71b7a0b4
1913497073,4f1aa16c-ac1f-4e25-95fa-70bd71b7a0b4
1913497072,4f1aa16c-ac1f-4e25-95fa-70bd71b7a0b4
1913497071,4f1aa16c-ac1f-4e25-95fa-70bd71b7a0b4
1913497070,4f1aa16c-ac1f-4e25-95fa-70bd71b7a0b4
1913497069,4f1aa16c-ac1f-4e25-95fa-70bd71b7a0b4
1913497068,4f1aa16c-ac1f-4e25-95fa-70bd71b7a0b4
1913497067,4f1aa16c-ac1f-4e25-95fa-70bd71b7a0b4
1913497066,4f1aa16c-ac1f-4e25-95fa-70bd71b7a0b4
1913497065,4f1aa16c-ac1f-4e25-95fa-70bd71b7a0b4
1913497064,4f1aa16c-ac1f-4e25-95fa-70bd71b7a0b4
1913497063,4f1aa16c-ac1f-4e25-95fa-70bd71b7a0b4
1913497062,4f1aa16c-ac1f-4e25-95fa-70bd71b7a0b4
1913497061,4f1aa16c-ac1f-4e25-95fa-70bd71b7a0b4
1913497060,4f1aa16c-ac1f-4e25-95fa-70bd71b7a0b4
1913497059,4f1aa16c-ac1f-4e25-95fa-70bd71b7a0b4
1913497058,4f1aa16c-ac1f-4e25-95fa-70bd71b7a0b4
1913497057,4f1aa16c-ac1f-4e25-95fa-70bd71b7a0b4
1438492829,4f1aa16c-ac1f-4e25-95fa-70bd71b7a0b4
1438492828,4f1aa16c-ac1f-4e25-95fa-70bd71b7a0b4
1438492827,4f1aa16c-ac1f-4e25-95fa-70bd71b7a0b4
1438492826,4f1aa16c-ac1f-4e25-95fa-70bd71b7a0b4
1438492825,4f1aa16c-ac1f-4e25-95fa-70bd71b7a0b4
1438492824,4f1aa16c-ac1f-4e25-95fa-70bd71b7a0b4
1438492823,4f1aa16c-ac1f-4e25-95fa-70bd71b7a0b4
1438492822,4f1aa16c-ac1f-4e25-95fa-70bd71b7a0b4
1438492821,4f1aa16c-ac1f-4e25-95fa-70bd71b7a0b4
1438492820,4f1aa16c-ac1f-4e25-95fa-70bd71b7a0b4
1438492819,4f1aa16c-ac1f-4e25-95fa-70bd71b7a0b4
1438492818,4f1aa16c-ac1f-4e25-95fa-70bd71b7a0b4
1438492817,4f1aa16c-ac1f-4e25-95fa-70bd71b7a0b4
1438492816,4f1aa16c-ac1f-4e25-95fa-70bd71b7a0b4
1438492815,4f1aa16c-ac1f-4e25-95fa-70bd71b7a0b4
1438492814,4f1aa16c-ac1f-4e25-95fa-70bd71b7a0b4
1438492813,4f1aa16c-ac1f-4e25-95fa-70bd71b7a0b4
1438492812,4f1aa16c-ac1f-4e25-95fa-70bd71b7a0b4
1438492811,4f1aa16c-ac1f-4e25-95fa-70bd71b7a0b4
1438492810,4f1aa16c-ac1f-4e25-95fa-70bd71b7a0b4
1438492809,4f1aa16c-ac1f-4e25-95fa-70bd71b7a0b4
1438492808,4f1aa16c-ac1f-4e25-95fa-70bd71b7a0b4
1438492807,4f1aa16c-ac1f-4e25-95fa-70bd71b7a0b4
1438492806,4f1aa16c-ac1f-4e25-95fa-70bd71b7a0b4
1438492805,4f1aa16c-ac1f-4e25-95fa-70bd71b7a0b4
1438492804,4f1aa16c-ac1f-4e25-95fa-70bd71b7a0b4
1438492803,4f1aa16c-ac1f-4e25-95fa-70bd71b7a0b4
1438492802,4f1aa16c-ac1f-4e25-95fa-70bd71b7a0b4
1438492801,4f1aa16c-ac1f-4e25-95fa-70bd71b7a0b4
1438492800,4f1aa16c-ac1f-4e25-95fa-70bd71b7a0b4
1438492799,4f1aa16c-ac1f-4e25-95fa-70bd71b7a0b4
1438492798,4f1aa16c-ac1f-4e25-95fa-70bd71b7a0b4
1438492797,4f1aa16c-ac1f-4e25-95fa-70bd71b7a0b4
1438492796,4f1aa16c-ac1f-4e25-95fa-70bd71b7a0b4
1438492795,4f1aa16c-ac1f-4e25-95fa-70bd71b7a0b4
1438492794,4f1aa16c-ac1f-4e25-95fa-70bd71b7a0b4
1438492793,4f1aa16c-ac1f-4e25-95fa-70bd71b7a0b4
1438492792,4f1aa16c-ac1f-4e25-95fa-70bd71b7a0b4
1438492791,4f1aa16c-ac1f-4e25-95fa-70bd71b7a0b4
1438492790,4f1aa16c-ac1f-4e25-95fa-70bd71b7a0b4
1438492789,4f1aa16c-ac1f-4e25-95fa-70bd71b7a0b4
1438492788,4f1aa16c-ac1f-4e25-95fa-70bd71b7a0b4
1438492787,4f1aa16c-ac1f-4e25-95fa-70bd71b7a0b4
1438492786,4f1aa16c-ac1f-4e25-95fa-70bd71b7a0b4
1438492785,4f1aa16c-ac1f-4e25-95fa-70bd71b7a0b4
1438492784,4f1aa16c-ac1f-4e25-95fa-70bd71b7a0b4
1438492783,4f1aa16c-ac1f-4e25-95fa-70bd71b7a0b4
1438492782,4f1aa16c-ac1f-4e25-95fa-70bd71b7a0b4
1438492781,4f1aa16c-ac1f-4e25-95fa-70bd71b7a0b4
1438492780,4f1aa16c-ac1f-4e25-95fa-70bd71b7a0b4
1438492779,4f1aa16c-ac1f-4e25-95fa-70bd71b7a0b4
1438492778,4f1aa16c-ac1f-4e25-95fa-70bd71b7a0b4
1438492777,4f1aa16c-ac1f-4e25-95fa-70bd71b7a0b4
1438492776,4f1aa16c-ac1f-4e25-95fa-70bd71b7a0b4
1438492775,4f1aa16c-ac1f-4e25-95fa-70bd71b7a0b4
1438492774,4f1aa16c-ac1f-4e25-95fa-70bd71b7a0b4
1438492773,4f1aa16c-ac1f-4e25-95fa-70bd71b7a0b4
1438492772,4f1aa16c-ac1f-4e25-95fa-70bd71b7a0b4
1438492771,4f1aa16c-ac1f-4e25-95fa-70bd71b7a0b4
1438492770,4f1aa16c-ac1f-4e25-95fa-70bd71b7a0b4
1438492769,4f1aa16c-ac1f-4e25-95fa-70bd71b7a0b4
1438492768,4f1aa16c-ac1f-4e25-95fa-70bd71b7a0b4
1438492767,4f1aa16c-ac1f-4e25-95fa-70bd71b7a0b4
1438492766,4f1aa16c-ac1f-4e25-95fa-70bd71b7a0b4
1438492765,4f1aa16c-ac1f-4e25-95fa-70bd71b7a0b4
1438492764,4f1aa16c-ac1f-4e25-95fa-70bd71b7a0b4
1438492763,4f1aa16c-ac1f-4e25-95fa-70bd71b7a0b4
1438492762,4f1aa16c-ac1f-4e25-95fa-70bd71b7a0b4
1438492761,4f1aa16c-ac1f-4e25-95fa-70bd71b7a0b4
1438492760,4f1aa16c-ac1f-4e25-95fa-70bd71b7a0b4
1438492759,4f1aa16c-ac1f-4e25-95fa-70bd71b7a0b4
1438492758,4f1aa16c-ac1f-4e25-95fa-70bd71b7a0b4
1438492757,4f1aa16c-ac1f-4e25-95fa-70bd71b7a0b4
1438492756,4f1aa16c-ac1f-4e25-95fa-70bd71b7a0b4
1438492755,4f1aa16c-ac1f-4e25-95fa-70bd71b7a0b4
1438492754,4f1aa16c-ac1f-4e25-95fa-70bd71b7a0b4
1438492753,4f1aa16c-ac1f-4e25-95fa-70bd71b7a0b4
1438492752,4f1aa16c-ac1f-4e25-95fa-70bd71b7a0b4
1438492751,4f1aa16c-ac1f-4e25-95fa-70bd71b7a0b4
1438492750,4f1aa16c-ac1f-4e25-95fa-70bd71b7a0b4
1438492749,4f1aa16c-ac1f-4e25-95fa-70bd71b7a0b4
1438492748,4f1aa16c-ac1f-4e25-95fa-70bd71b7a0b4
1438492747,4f1aa16c-ac1f-4e25-95fa-70bd71b7a0b4
1438492746,4f1aa16c-ac1f-4e25-95fa-70bd71b7a0b4
1438492745,4f1aa16c-ac1f-4e25-95fa-70bd71b7a0b4
1438492744,4f1aa16c-ac1f-4e25-95fa-70bd71b7a0b4
1438492743,4f1aa16c-ac1f-4e25-95fa-70bd71b7a0b4
1438492742,4f1aa16c-ac1f-4e25-95fa-70bd71b7a0b4
1438492741,4f1aa16c-ac1f-4e25-95fa-70bd71b7a0b4
1438492740,4f1aa16c-ac1f-4e25-95fa-70bd71b7a0b4
1438492739,4f1aa16c-ac1f-4e25-95fa-70bd71b7a0b4
1438492738,4f1aa16c-ac1f-4e25-95fa-70bd71b7a0b4
1438492737,4f1aa16c-ac1f-4e25-95fa-70bd71b7a0b4
1438492736,4f1aa16c-ac1f-4e25-95fa-70bd71b7a0b4
1438492735,4f1aa16c-ac1f-4e25-95fa-70bd71b7a0b4
1438492734,4f1aa16c-ac1f-4e25-95fa-70bd71b7a0b4
1438492733,4f1aa16c-ac1f-4e25-95fa-70bd71b7a0b4
1438492732,4f1aa16c-ac1f-4e25-95fa-70bd71b7a0b4
1438492731,4f1aa16c-ac1f-4e25-95fa-70bd71b7a0b4
1438492730,4f1aa16c-ac1f-4e25-95fa-70bd71b7a0b4
1438492729,4f1aa16c-ac1f-4e25-95fa-70bd71b7a0b4
1438492728,4f1aa16c-ac1f-4e25-95fa-70bd71b7a0b4
1438492727,4f1aa16c-ac1f-4e25-95fa-70bd71b7a0b4
1438492726,4f1aa16c-ac1f-4e25-95fa-70bd71b7a0b4
1438492725,4f1aa16c-ac1f-4e25-95fa-70bd71b7a0b4
1438492724,4f1aa16c-ac1f-4e25-95fa-70bd71b7a0b4
1438492723,4f1aa16c-ac1f-4e25-95fa-70bd71b7a0b4
1438492722,4f1aa16c-ac1f-4e25-95fa-70bd71b7a0b4
1438492721,4f1aa16c-ac1f-4e25-95fa-70bd71b7a0b4
1438492720,4f1aa16c-ac1f-4e25-95fa-70bd71b7a0b4
1438492719,4f1aa16c-ac1f-4e25-95fa-70bd71b7a0b4
1438492718,4f1aa16c-ac1f-4e25-95fa-70bd71b7a0b4
1438492717,4f1aa16c-ac1f-4e25-95fa-70bd71b7a0b4
1438492716,4f1aa16c-ac1f-4e25-95fa-70bd71b7a0b4
1438492715,4f1aa16c-ac1f-4e25-95fa-70bd71b7a0b4
1438492714,4f1aa16c-ac1f-4e25-95fa-70bd71b7a0b4
1438492713,4f1aa16c-ac1f-4e25-95fa-70bd71b7a0b4
1438492712,4f1aa16c-ac1f-4e25-95fa-70bd71b7a0b4
1438492711,4f1aa16c-ac1f-4e25-95fa-70bd71b7a0b4
1438492710,4f1aa16c-ac1f-4e25-95fa-70bd71b7a0b4
1438492709,4f1aa16c-ac1f-4e25-95fa-70bd71b7a0b4
1438492708,4f1aa16c-ac1f-4e25-95fa-70bd71b7a0b4
1438492707,4f1aa16c-ac1f-4e25-95fa-70bd71b7a0b4
1438492706,4f1aa16c-ac1f-4e25-95fa-70bd71b7a0b4
1438492705,4f1aa16c-ac1f-4e25-95fa-70bd71b7a0b4
1438492704,4f1aa16c-ac1f-4e25-95fa-70bd71b7a0b4
1438492703,4f1aa16c-ac1f-4e25-95fa-70bd71b7a0b4
1438492702,4f1aa16c-ac1f-4e25-95fa-70bd71b7a0b4
1438492701,4f1aa16c-ac1f-4e25-95fa-70bd71b7a0b4
1438492700,4f1aa16c-ac1f-4e25-95fa-70bd71b7a0b4
1438492699,4f1aa16c-ac1f-4e25-95fa-70bd71b7a0b4
1438492698,4f1aa16c-ac1f-4e25-95fa-70bd71b7a0b4
1438492697,4f1aa16c-ac1f-4e25-95fa-70bd71b7a0b4
1438492696,4f1aa16c-ac1f-4e25-95fa-70bd71b7a0b4
1438492695,4f1aa16c-ac1f-4e25-95fa-70bd71b7a0b4
1438492694,4f1aa16c-ac1f-4e25-95fa-70bd71b7a0b4
1438492693,4f1aa16c-ac1f-4e25-95fa-70bd71b7a0b4
1438492692,4f1aa16c-ac1f-4e25-95fa-70bd71b7a0b4
1438492691,4f1aa16c-ac1f-4e25-95fa-70bd71b7a0b4
1438492690,4f1aa16c-ac1f-4e25-95fa-70bd71b7a0b4
1438492689,4f1aa16c-ac1f-4e25-95fa-70bd71b7a0b4
1438492688,4f1aa16c-ac1f-4e25-95fa-70bd71b7a0b4
1438492687,4f1aa16c-ac1f-4e25-95fa-70bd71b7a0b4
1438492686,4f1aa16c-ac1f-4e25-95fa-70bd71b7a0b4
1438492685,4f1aa16c-ac1f-4e25-95fa-70bd71b7a0b4
1438492684,4f1aa16c-ac1f-4e25-95fa-70bd71b7a0b4
1438492683,4f1aa16c-ac1f-4e25-95fa-70bd71b7a0b4
1438492682,4f1aa16c-ac1f-4e25-95fa-70bd71b7a0b4
1438492681,4f1aa16c-ac1f-4e25-95fa-70bd71b7a0b4
1438492680,4f1aa16c-ac1f-4e25-95fa-70bd71b7a0b4
1438492679,4f1aa16c-ac1f-4e25-95fa-70bd71b7a0b4
1438492678,4f1aa16c-ac1f-4e25-95fa-70bd71b7a0b4
1438492677,4f1aa16c-ac1f-4e25-95fa-70bd71b7a0b4
1438492676,4f1aa16c-ac1f-4e25-95fa-70bd71b7a0b4
1438492675,4f1aa16c-ac1f-4e25-95fa-70bd71b7a0b4
1438492674,4f1aa16c-ac1f-4e25-95fa-70bd71b7a0b4
1438492673,4f1aa16c-ac1f-4e25-95fa-70bd71b7a0b4
1438492672,4f1aa16c-ac1f-4e25-95fa-70bd71b7a0b4
1438492671,4f1aa16c-ac1f-4e25-95fa-70bd71b7a0b4
1438492670,4f1aa16c-ac1f-4e25-95fa-70bd71b7a0b4
1438492669,4f1aa16c-ac1f-4e25-95fa-70bd71b7a0b4
1438492668,4f1aa16c-ac1f-4e25-95fa-70bd71b7a0b4
1438492667,4f1aa16c-ac1f-4e25-95fa-70bd71b7a0b4
1438492666,4f1aa16c-ac1f-4e25-95fa-70bd71b7a0b4
1438492665,4f1aa16c-ac1f-4e25-95fa-70bd71b7a0b4
1438492664,4f1aa16c-ac1f-4e25-95fa-70bd71b7a0b4
1438492663,4f1aa16c-ac1f-4e25-95fa-70bd71b7a0b4
1438492662,4f1aa16c-ac1f-4e25-95fa-70bd71b7a0b4
1438492661,4f1aa16c-ac1f-4e25-95fa-70bd71b7a0b4
1438492660,4f1aa16c-ac1f-4e25-95fa-70bd71b7a0b4
1438492659,4f1aa16c-ac1f-4e25-95fa-70bd71b7a0b4
1438492658,4f1aa16c-ac1f-4e25-95fa-70bd71b7a0b4
1438492657,4f1aa16c-ac1f-4e25-95fa-70bd71b7a0b4
1438492656,4f1aa16c-ac1f-4e25-95fa-70bd71b7a0b4
1438492655,4f1aa16c-ac1f-4e25-95fa-70bd71b7a0b4
1438492654,4f1aa16c-ac1f-4e25-95fa-70bd71b7a0b4
1438492653,4f1aa16c-ac1f-4e25-95fa-70bd71b7a0b4
1438492652,4f1aa16c-ac1f-4e25-95fa-70bd71b7a0b4
1438492651,4f1aa16c-ac1f-4e25-95fa-70bd71b7a0b4
1438492650,4f1aa16c-ac1f-4e25-95fa-70bd71b7a0b4
1438492649,4f1aa16c-ac1f-4e25-95fa-70bd71b7a0b4
1438492648,4f1aa16c-ac1f-4e25-95fa-70bd71b7a0b4
1438492647,4f1aa16c-ac1f-4e25-95fa-70bd71b7a0b4
1438492646,4f1aa16c-ac1f-4e25-95fa-70bd71b7a0b4
1438492645,4f1aa16c-ac1f-4e25-95fa-70bd71b7a0b4
1438492644,4f1aa16c-ac1f-4e25-95fa-70bd71b7a0b4
1438492643,4f1aa16c-ac1f-4e25-95fa-70bd71b7a0b4
1438492642,4f1aa16c-ac1f-4e25-95fa-70bd71b7a0b4
1438492641,4f1aa16c-ac1f-4e25-95fa-70bd71b7a0b4
1438492640,4f1aa16c-ac1f-4e25-95fa-70bd71b7a0b4
1438492639,4f1aa16c-ac1f-4e25-95fa-70bd71b7a0b4
1438492638,4f1aa16c-ac1f-4e25-95fa-70bd71b7a0b4
1438492637,4f1aa16c-ac1f-4e25-95fa-70bd71b7a0b4
1438492636,4f1aa16c-ac1f-4e25-95fa-70bd71b7a0b4
1438492635,4f1aa16c-ac1f-4e25-95fa-70bd71b7a0b4
1438492634,4f1aa16c-ac1f-4e25-95fa-70bd71b7a0b4
1438492633,4f1aa16c-ac1f-4e25-95fa-70bd71b7a0b4
1438492632,4f1aa16c-ac1f-4e25-95fa-70bd71b7a0b4
1438492631,4f1aa16c-ac1f-4e25-95fa-70bd71b7a0b4
1438492630,4f1aa16c-ac1f-4e25-95fa-70bd71b7a0b4
1438492629,4f1aa16c-ac1f-4e25-95fa-70bd71b7a0b4
1438492628,4f1aa16c-ac1f-4e25-95fa-70bd71b7a0b4
1438492627,4f1aa16c-ac1f-4e25-95fa-70bd71b7a0b4
1438492626,4f1aa16c-ac1f-4e25-95fa-70bd71b7a0b4
1438492625,4f1aa16c-ac1f-4e25-95fa-70bd71b7a0b4
1438492624,4f1aa16c-ac1f-4e25-95fa-70bd71b7a0b4
1438492623,4f1aa16c-ac1f-4e25-95fa-70bd71b7a0b4
1438492622,4f1aa16c-ac1f-4e25-95fa-70bd71b7a0b4
1438492621,4f1aa16c-ac1f-4e25-95fa-70bd71b7a0b4
1438492620,4f1aa16c-ac1f-4e25-95fa-70bd71b7a0b4
1438492619,4f1aa16c-ac1f-4e25-95fa-70bd71b7a0b4
1438492618,4f1aa16c-ac1f-4e25-95fa-70bd71b7a0b4
1438492617,4f1aa16c-ac1f-4e25-95fa-70bd71b7a0b4
1438492616,4f1aa16c-ac1f-4e25-95fa-70bd71b7a0b4
1438492615,4f1aa16c-ac1f-4e25-95fa-70bd71b7a0b4
1438492614,4f1aa16c-ac1f-4e25-95fa-70bd71b7a0b4
1438492613,4f1aa16c-ac1f-4e25-95fa-70bd71b7a0b4
1438492612,4f1aa16c-ac1f-4e25-95fa-70bd71b7a0b4
1438492611,4f1aa16c-ac1f-4e25-95fa-70bd71b7a0b4
1438492610,4f1aa16c-ac1f-4e25-95fa-70bd71b7a0b4
1438492609,4f1aa16c-ac1f-4e25-95fa-70bd71b7a0b4
1438492608,4f1aa16c-ac1f-4e25-95fa-70bd71b7a0b4
1438492607,4f1aa16c-ac1f-4e25-95fa-70bd71b7a0b4
1438492606,4f1aa16c-ac1f-4e25-95fa-70bd71b7a0b4
1438492605,4f1aa16c-ac1f-4e25-95fa-70bd71b7a0b4
1438492604,4f1aa16c-ac1f-4e25-95fa-70bd71b7a0b4
1438492603,4f1aa16c-ac1f-4e25-95fa-70bd71b7a0b4
1438492602,4f1aa16c-ac1f-4e25-95fa-70bd71b7a0b4
1438492601,4f1aa16c-ac1f-4e25-95fa-70bd71b7a0b4
1438492600,4f1aa16c-ac1f-4e25-95fa-70bd71b7a0b4
1438492599,4f1aa16c-ac1f-4e25-95fa-70bd71b7a0b4
1438492598,4f1aa16c-ac1f-4e25-95fa-70bd71b7a0b4
1438492597,4f1aa16c-ac1f-4e25-95fa-70bd71b7a0b4
1438492596,4f1aa16c-ac1f-4e25-95fa-70bd71b7a0b4
1438492595,4f1aa16c-ac1f-4e25-95fa-70bd71b7a0b4
1438492594,4f1aa16c-ac1f-4e25-95fa-70bd71b7a0b4
1438492593,4f1aa16c-ac1f-4e25-95fa-70bd71b7a0b4
1438492592,4f1aa16c-ac1f-4e25-95fa-70bd71b7a0b4
1438492591,4f1aa16c-ac1f-4e25-95fa-70bd71b7a0b4
1438492590,4f1aa16c-ac1f-4e25-95fa-70bd71b7a0b4
1438492589,4f1aa16c-ac1f-4e25-95fa-70bd71b7a0b4
1438492588,4f1aa16c-ac1f-4e25-95fa-70bd71b7a0b4
1438492587,4f1aa16c-ac1f-4e25-95fa-70bd71b7a0b4
1438492586,4f1aa16c-ac1f-4e25-95fa-70bd71b7a0b4
1438492585,4f1aa16c-ac1f-4e25-95fa-70bd71b7a0b4
1438492584,4f1aa16c-ac1f-4e25-95fa-70bd71b7a0b4
1438492583,4f1aa16c-ac1f-4e25-95fa-70bd71b7a0b4
1438492582,4f1aa16c-ac1f-4e25-95fa-70bd71b7a0b4
1438492581,4f1aa16c-ac1f-4e25-95fa-70bd71b7a0b4
1438492580,4f1aa16c-ac1f-4e25-95fa-70bd71b7a0b4
1438492579,4f1aa16c-ac1f-4e25-95fa-70bd71b7a0b4
1438492578,4f1aa16c-ac1f-4e25-95fa-70bd71b7a0b4
1438492577,4f1aa16c-ac1f-4e25-95fa-70bd71b7a0b4
1438492576,4f1aa16c-ac1f-4e25-95fa-70bd71b7a0b4
1438492575,4f1aa16c-ac1f-4e25-95fa-70bd71b7a0b4
1438492574,4f1aa16c-ac1f-4e25-95fa-70bd71b7a0b4
1438492573,4f1aa16c-ac1f-4e25-95fa-70bd71b7a0b4
1438492572,4f1aa16c-ac1f-4e25-95fa-70bd71b7a0b4
1438492571,4f1aa16c-ac1f-4e25-95fa-70bd71b7a0b4
1438492570,4f1aa16c-ac1f-4e25-95fa-70bd71b7a0b4
1438492569,4f1aa16c-ac1f-4e25-95fa-70bd71b7a0b4
1438492568,4f1aa16c-ac1f-4e25-95fa-70bd71b7a0b4
1438492567,4f1aa16c-ac1f-4e25-95fa-70bd71b7a0b4
1438492566,4f1aa16c-ac1f-4e25-95fa-70bd71b7a0b4
1438492565,4f1aa16c-ac1f-4e25-95fa-70bd71b7a0b4
1438492564,4f1aa16c-ac1f-4e25-95fa-70bd71b7a0b4
1438492563,4f1aa16c-ac1f-4e25-95fa-70bd71b7a0b4
1438492562,4f1aa16c-ac1f-4e25-95fa-70bd71b7a0b4
1438492561,4f1aa16c-ac1f-4e25-95fa-70bd71b7a0b4
1438492560,4f1aa16c-ac1f-4e25-95fa-70bd71b7a0b4
1438492559,4f1aa16c-ac1f-4e25-95fa-70bd71b7a0b4
1438492558,4f1aa16c-ac1f-4e25-95fa-70bd71b7a0b4
1438492557,4f1aa16c-ac1f-4e25-95fa-70bd71b7a0b4
1438492556,4f1aa16c-ac1f-4e25-95fa-70bd71b7a0b4
1438492555,4f1aa16c-ac1f-4e25-95fa-70bd71b7a0b4
1438492554,4f1aa16c-ac1f-4e25-95fa-70bd71b7a0b4
1438492553,4f1aa16c-ac1f-4e25-95fa-70bd71b7a0b4
1438492552,4f1aa16c-ac1f-4e25-95fa-70bd71b7a0b4
1438492551,4f1aa16c-ac1f-4e25-95fa-70bd71b7a0b4
1438492550,4f1aa16c-ac1f-4e25-95fa-70bd71b7a0b4
1438492549,4f1aa16c-ac1f-4e25-95fa-70bd71b7a0b4
1438492548,4f1aa16c-ac1f-4e25-95fa-70bd71b7a0b4
1438492547,4f1aa16c-ac1f-4e25-95fa-70bd71b7a0b4
1438492546,4f1aa16c-ac1f-4e25-95fa-70bd71b7a0b4
1438492545,4f1aa16c-ac1f-4e25-95fa-70bd71b7a0b4
1438492544,4f1aa16c-ac1f-4e25-95fa-70bd71b7a0b4
1438492543,4f1aa16c-ac1f-4e25-95fa-70bd71b7a0b4
1438492542,4f1aa16c-ac1f-4e25-95fa-70bd71b7a0b4
1438492541,4f1aa16c-ac1f-4e25-95fa-70bd71b7a0b4
1438492540,4f1aa16c-ac1f-4e25-95fa-70bd71b7a0b4
1438492539,4f1aa16c-ac1f-4e25-95fa-70bd71b7a0b4
1438492538,4f1aa16c-ac1f-4e25-95fa-70bd71b7a0b4
1438492537,4f1aa16c-ac1f-4e25-95fa-70bd71b7a0b4
1438492536,4f1aa16c-ac1f-4e25-95fa-70bd71b7a0b4
1438492535,4f1aa16c-ac1f-4e25-95fa-70bd71b7a0b4
1438492534,4f1aa16c-ac1f-4e25-95fa-70bd71b7a0b4
1438492533,4f1aa16c-ac1f-4e25-95fa-70bd71b7a0b4
1438492532,4f1aa16c-ac1f-4e25-95fa-70bd71b7a0b4
1438492531,4f1aa16c-ac1f-4e25-95fa-70bd71b7a0b4
1438492530,4f1aa16c-ac1f-4e25-95fa-70bd71b7a0b4
1438492529,4f1aa16c-ac1f-4e25-95fa-70bd71b7a0b4
1438492528,4f1aa16c-ac1f-4e25-95fa-70bd71b7a0b4
1438492527,4f1aa16c-ac1f-4e25-95fa-70bd71b7a0b4
1438492526,4f1aa16c-ac1f-4e25-95fa-70bd71b7a0b4
1438492525,4f1aa16c-ac1f-4e25-95fa-70bd71b7a0b4
1438492524,4f1aa16c-ac1f-4e25-95fa-70bd71b7a0b4
1438492523,4f1aa16c-ac1f-4e25-95fa-70bd71b7a0b4
1438492522,4f1aa16c-ac1f-4e25-95fa-70bd71b7a0b4
1438492521,4f1aa16c-ac1f-4e25-95fa-70bd71b7a0b4
1438492520,4f1aa16c-ac1f-4e25-95fa-70bd71b7a0b4
1438492519,4f1aa16c-ac1f-4e25-95fa-70bd71b7a0b4
1438492518,4f1aa16c-ac1f-4e25-95fa-70bd71b7a0b4
1438492517,4f1aa16c-ac1f-4e25-95fa-70bd71b7a0b4
1438492516,4f1aa16c-ac1f-4e25-95fa-70bd71b7a0b4
1438492515,4f1aa16c-ac1f-4e25-95fa-70bd71b7a0b4
1438492514,4f1aa16c-ac1f-4e25-95fa-70bd71b7a0b4
1438492513,4f1aa16c-ac1f-4e25-95fa-70bd71b7a0b4
1438492512,4f1aa16c-ac1f-4e25-95fa-70bd71b7a0b4
1438492511,4f1aa16c-ac1f-4e25-95fa-70bd71b7a0b4
1438492510,4f1aa16c-ac1f-4e25-95fa-70bd71b7a0b4
1438492509,4f1aa16c-ac1f-4e25-95fa-70bd71b7a0b4
1438492508,4f1aa16c-ac1f-4e25-95fa-70bd71b7a0b4
1438492507,4f1aa16c-ac1f-4e25-95fa-70bd71b7a0b4
1438492506,4f1aa16c-ac1f-4e25-95fa-70bd71b7a0b4
1438492505,4f1aa16c-ac1f-4e25-95fa-70bd71b7a0b4
1438492504,4f1aa16c-ac1f-4e25-95fa-70bd71b7a0b4
1438492503,4f1aa16c-ac1f-4e25-95fa-70bd71b7a0b4
1438492502,4f1aa16c-ac1f-4e25-95fa-70bd71b7a0b4
1438492501,4f1aa16c-ac1f-4e25-95fa-70bd71b7a0b4
1438492500,4f1aa16c-ac1f-4e25-95fa-70bd71b7a0b4
1438492499,4f1aa16c-ac1f-4e25-95fa-70bd71b7a0b4
1438492498,4f1aa16c-ac1f-4e25-95fa-70bd71b7a0b4
1438492497,4f1aa16c-ac1f-4e25-95fa-70bd71b7a0b4
1438492496,4f1aa16c-ac1f-4e25-95fa-70bd71b7a0b4
1438492495,4f1aa16c-ac1f-4e25-95fa-70bd71b7a0b4
1438492494,4f1aa16c-ac1f-4e25-95fa-70bd71b7a0b4
1438492493,4f1aa16c-ac1f-4e25-95fa-70bd71b7a0b4
1438492492,4f1aa16c-ac1f-4e25-95fa-70bd71b7a0b4
1438492491,4f1aa16c-ac1f-4e25-95fa-70bd71b7a0b4
1438492490,4f1aa16c-ac1f-4e25-95fa-70bd71b7a0b4
1438492489,4f1aa16c-ac1f-4e25-95fa-70bd71b7a0b4
1438492488,4f1aa16c-ac1f-4e25-95fa-70bd71b7a0b4
1438492487,4f1aa16c-ac1f-4e25-95fa-70bd71b7a0b4
1438492486,4f1aa16c-ac1f-4e25-95fa-70bd71b7a0b4
1438492485,4f1aa16c-ac1f-4e25-95fa-70bd71b7a0b4
1438492484,4f1aa16c-ac1f-4e25-95fa-70bd71b7a0b4
1438492483,4f1aa16c-ac1f-4e25-95fa-70bd71b7a0b4
1438492482,4f1aa16c-ac1f-4e25-95fa-70bd71b7a0b4
1438492481,4f1aa16c-ac1f-4e25-95fa-70bd71b7a0b4
1438492480,4f1aa16c-ac1f-4e25-95fa-70bd71b7a0b4
1438492479,4f1aa16c-ac1f-4e25-95fa-70bd71b7a0b4
1438492478,4f1aa16c-ac1f-4e25-95fa-70bd71b7a0b4
1438492477,4f1aa16c-ac1f-4e25-95fa-70bd71b7a0b4
1438492476,4f1aa16c-ac1f-4e25-95fa-70bd71b7a0b4
1438492475,4f1aa16c-ac1f-4e25-95fa-70bd71b7a0b4
1438492474,4f1aa16c-ac1f-4e25-95fa-70bd71b7a0b4
1438492473,4f1aa16c-ac1f-4e25-95fa-70bd71b7a0b4
1438492472,4f1aa16c-ac1f-4e25-95fa-70bd71b7a0b4
1438492471,4f1aa16c-ac1f-4e25-95fa-70bd71b7a0b4
