gbifID,issue_id
2365686427,6
2365686427,1
2365686427,8
2365686427,2
2365686427,3
2365686427,4
2365686418,6
2365686418,1
2365686418,7
2365686418,3
2365686418,4
2365686416,6
2365686416,1
2365686416,3
2365686416,4
2365686414,6
2365686414,1
2365686414,8
2365686414,2
2365686414,3
2365686414,4
2365686412,6
2365686412,1
2365686412,8
2365686412,2
2365686412,3
2365686412,4
2365686409,3
2365686409,4
2365686408,6
2365686408,1
2365686408,7
2365686408,3
2365686408,4
2365686407,3
2365686407,4
2365686406,6
2365686406,1
2365686406,8
2365686406,2
2365686406,3
2365686406,4
2365686405,6
2365686405,1
2365686405,8
2365686405,2
2365686405,3
2365686405,4
2365686403,6
2365686403,1
2365686403,8
2365686403,9
2365686403,3
2365686403,4
2365686397,6
2365686397,1
2365686397,8
2365686397,2
2365686397,3
2365686397,4
2365686396,6
2365686396,1
2365686396,8
2365686396,2
2365686396,3
2365686396,4
2365686394,6
2365686394,1
2365686394,7
2365686394,3
2365686394,4
2365686393,6
2365686393,1
2365686393,8
2365686393,2
2365686393,3
2365686393,4
2365686392,3
2365686392,4
2365686391,6
2365686391,1
2365686391,10
2365686391,3
2365686391,4
2365686390,6
2365686390,1
2365686390,7
2365686390,3
2365686390,4
2365686389,6
2365686389,1
2365686389,7
2365686389,3
2365686389,4
2365686388,6
2365686388,1
2365686388,8
2365686388,2
2365686388,3
2365686388,4
2365686387,6
2365686387,1
2365686387,7
2365686387,3
2365686387,4
2365686386,3
2365686386,4
2365686385,6
2365686385,1
2365686385,8
2365686385,2
2365686385,3
2365686385,4
2365686384,3
2365686384,4
2365686382,3
2365686382,4
2365686381,6
2365686381,1
2365686381,8
2365686381,2
2365686381,3
2365686381,4
2365686380,6
2365686380,1
2365686380,7
2365686380,3
2365686380,4
2365686379,6
2365686379,1
2365686379,8
2365686379,2
2365686379,3
2365686379,4
2365686377,6
2365686377,1
2365686377,8
2365686377,2
2365686377,3
2365686377,4
2365686376,6
2365686376,1
2365686376,8
2365686376,2
2365686376,3
2365686376,4
2365686375,3
2365686375,4
2365686373,3
2365686373,4
2365686370,6
2365686370,1
2365686370,8
2365686370,2
2365686370,3
2365686370,4
2365686369,6
2365686369,1
2365686369,8
2365686369,9
2365686369,3
2365686369,4
2365686367,6
2365686367,1
2365686367,8
2365686367,2
2365686367,3
2365686367,4
2365686366,6
2365686366,1
2365686366,3
2365686366,4
2365686364,6
2365686364,1
2365686364,8
2365686364,2
2365686364,3
2365686364,4
2365686362,6
2365686362,1
2365686362,8
2365686362,2
2365686362,3
2365686362,4
2365686360,6
2365686360,1
2365686360,7
2365686360,3
2365686360,4
2365686359,6
2365686359,1
2365686359,7
2365686359,3
2365686359,4
2365686358,6
2365686358,1
2365686358,8
2365686358,2
2365686358,3
2365686358,4
2365686356,6
2365686356,1
2365686356,7
2365686356,3
2365686356,4
2365686355,3
2365686355,4
2365686354,3
2365686354,4
2365686353,6
2365686353,1
2365686353,8
2365686353,2
2365686353,3
2365686353,4
2365686347,3
2365686347,4
2365686346,6
2365686346,1
2365686346,8
2365686346,2
2365686346,3
2365686346,4
2365686343,6
2365686343,1
2365686343,8
2365686343,2
2365686343,3
2365686343,4
2365686340,6
2365686340,1
2365686340,8
2365686340,2
2365686340,3
2365686340,4
2365686339,6
2365686339,1
2365686339,8
2365686339,2
2365686339,3
2365686339,4
2365686338,6
2365686338,1
2365686338,7
2365686338,3
2365686338,4
2365686337,6
2365686337,1
2365686337,3
2365686337,4
2365686336,6
2365686336,1
2365686336,3
2365686336,4
2365686332,6
2365686332,1
2365686332,7
2365686332,3
2365686332,4
2365686331,6
2365686331,1
2365686331,8
2365686331,2
2365686331,3
2365686331,4
2365686330,6
2365686330,1
2365686330,8
2365686330,2
2365686330,3
2365686330,4
2365686328,3
2365686328,4
2365686325,3
2365686325,4
2365686324,6
2365686324,1
2365686324,8
2365686324,2
2365686324,3
2365686324,4
2365686320,6
2365686320,1
2365686320,3
2365686320,4
2365686318,6
2365686318,1
2365686318,8
2365686318,2
2365686318,3
2365686318,4
2365686317,6
2365686317,1
2365686317,8
2365686317,2
2365686317,3
2365686317,4
2365686316,6
2365686316,1
2365686316,7
2365686316,3
2365686316,4
2365686311,6
2365686311,1
2365686311,8
2365686311,2
2365686311,3
2365686311,4
2365686308,3
2365686308,4
2365686307,3
2365686307,4
2365686304,3
2365686304,4
2365686303,6
2365686303,1
2365686303,8
2365686303,2
2365686303,3
2365686303,4
2365686200,3
2365686200,4
2365686199,6
2365686199,1
2365686199,8
2365686199,3
2365686199,4
2365686198,6
2365686198,1
2365686198,8
2365686198,2
2365686198,3
2365686198,4
2365686193,3
2365686193,4
2365686192,6
2365686192,1
2365686192,7
2365686192,3
2365686192,4
2365686191,6
2365686191,1
2365686191,7
2365686191,3
2365686191,4
2365686190,3
2365686190,4
2365686189,6
2365686189,1
2365686189,3
2365686189,4
2365686187,6
2365686187,1
2365686187,7
2365686187,3
2365686187,4
2365686184,6
2365686184,1
2365686184,3
2365686184,4
2365686180,6
2365686180,1
2365686180,3
2365686180,4
2365686177,6
2365686177,1
2365686177,10
2365686177,3
2365686177,4
2365686175,6
2365686175,1
2365686175,8
2365686175,2
2365686175,3
2365686175,4
2365686174,6
2365686174,1
2365686174,8
2365686174,2
2365686174,3
2365686174,4
2365686173,6
2365686173,1
2365686173,8
2365686173,2
2365686173,3
2365686173,4
2365686171,6
2365686171,1
2365686171,8
2365686171,2
2365686171,3
2365686171,4
2365686165,6
2365686165,1
2365686165,8
2365686165,2
2365686165,3
2365686165,4
2365686160,6
2365686160,1
2365686160,8
2365686160,2
2365686160,3
2365686160,4
2365686158,3
2365686158,4
2365686157,6
2365686157,1
2365686157,10
2365686157,3
2365686157,4
2365686154,6
2365686154,1
2365686154,3
2365686154,4
2365686151,3
2365686151,4
2365686149,6
2365686149,1
2365686149,3
2365686149,4
2365686148,6
2365686148,1
2365686148,7
2365686148,3
2365686148,4
2365686145,6
2365686145,1
2365686145,8
2365686145,2
2365686145,3
2365686145,4
2365686144,3
2365686144,4
2365686139,6
2365686139,1
2365686139,3
2365686139,4
2365686135,6
2365686135,1
2365686135,8
2365686135,2
2365686135,3
2365686135,4
2365686133,3
2365686133,4
2365686132,3
2365686132,4
2365686129,6
2365686129,1
2365686129,8
2365686129,2
2365686129,3
2365686129,4
2365686128,6
2365686128,1
2365686128,8
2365686128,2
2365686128,3
2365686128,4
2365686125,6
2365686125,1
2365686125,8
2365686125,2
2365686125,3
2365686125,4
2365686124,6
2365686124,1
2365686124,8
2365686124,2
2365686124,3
2365686124,4
2365686123,6
2365686123,1
2365686123,8
2365686123,2
2365686123,3
2365686123,4
2365686117,6
2365686117,1
2365686117,8
2365686117,2
2365686117,3
2365686117,4
2365686116,6
2365686116,1
2365686116,3
2365686116,4
2365686115,3
2365686115,4
2365686113,3
2365686113,4
2365686111,6
2365686111,1
2365686111,3
2365686111,4
2365686110,6
2365686110,1
2365686110,10
2365686110,3
2365686110,4
2365686106,3
2365686106,4
2365686105,6
2365686105,1
2365686105,8
2365686105,2
2365686105,3
2365686105,4
2365686103,3
2365686103,4
2365686100,3
2365686100,4
2365686098,3
2365686098,4
2365686094,6
2365686094,1
2365686094,7
2365686094,3
2365686094,4
2365686088,6
2365686088,1
2365686088,3
2365686088,4
2365686087,3
2365686087,4
2365686085,3
2365686085,4
2365686083,6
2365686083,1
2365686083,3
2365686083,4
2365686081,6
2365686081,1
2365686081,8
2365686081,2
2365686081,3
2365686081,4
2365686079,6
2365686079,1
2365686079,8
2365686079,2
2365686079,3
2365686079,4
2365686078,6
2365686078,1
2365686078,8
2365686078,2
2365686078,3
2365686078,4
2365686077,6
2365686077,1
2365686077,8
2365686077,2
2365686077,3
2365686077,4
2365686076,6
2365686076,1
2365686076,8
2365686076,2
2365686076,3
2365686076,4
2365686074,6
2365686074,1
2365686074,8
2365686074,2
2365686074,3
2365686074,4
2365686070,3
2365686070,4
2365686066,6
2365686066,1
2365686066,8
2365686066,2
2365686066,3
2365686066,4
2365686065,3
2365686065,4
2365686061,6
2365686061,1
2365686061,8
2365686061,3
2365686061,4
2365686058,6
2365686058,1
2365686058,8
2365686058,2
2365686058,3
2365686058,4
2365686056,6
2365686056,1
2365686056,3
2365686056,4
2365686052,6
2365686052,1
2365686052,8
2365686052,2
2365686052,3
2365686052,4
2365686049,6
2365686049,1
2365686049,8
2365686049,2
2365686049,3
2365686049,4
2365686044,6
2365686044,1
2365686044,8
2365686044,2
2365686044,3
2365686044,4
2365686040,6
2365686040,1
2365686040,8
2365686040,2
2365686040,3
2365686040,4
2365686036,3
2365686036,4
2365686034,3
2365686034,4
2365686023,6
2365686023,1
2365686023,7
2365686023,3
2365686023,4
2365686021,3
2365686021,4
2365686020,6
2365686020,1
2365686020,8
2365686020,2
2365686020,3
2365686020,4
2365686019,6
2365686019,1
2365686019,8
2365686019,2
2365686019,3
2365686019,4
2365686018,6
2365686018,1
2365686018,8
2365686018,2
2365686018,3
2365686018,4
2365686016,6
2365686016,1
2365686016,8
2365686016,2
2365686016,3
2365686016,4
2365686010,6
2365686010,1
2365686010,8
2365686010,2
2365686010,3
2365686010,4
2365686006,6
2365686006,1
2365686006,3
2365686006,4
2365686000,3
2365686000,4
2365685996,6
2365685996,1
2365685996,7
2365685996,3
2365685996,4
2365685995,6
2365685995,1
2365685995,8
2365685995,2
2365685995,3
2365685995,4
2365685991,6
2365685991,1
2365685991,8
2365685991,2
2365685991,3
2365685991,4
2365685989,6
2365685989,1
2365685989,8
2365685989,2
2365685989,3
2365685989,4
2365685987,6
2365685987,1
2365685987,7
2365685987,3
2365685987,4
2365685986,3
2365685986,4
2365685984,6
2365685984,1
2365685984,8
2365685984,2
2365685984,3
2365685984,4
2365685982,6
2365685982,1
2365685982,7
2365685982,3
2365685982,4
2365685978,6
2365685978,1
2365685978,7
2365685978,3
2365685978,4
2365685977,3
2365685977,4
2365685974,6
2365685974,1
2365685974,3
2365685974,4
2365685973,3
2365685973,4
2365685971,3
2365685971,4
2365685967,6
2365685967,1
2365685967,8
2365685967,2
2365685967,3
2365685967,4
2365685963,6
2365685963,1
2365685963,3
2365685963,4
2365685962,6
2365685962,1
2365685962,10
2365685962,3
2365685962,4
2365685961,6
2365685961,1
2365685961,8
2365685961,2
2365685961,3
2365685961,4
2365685960,6
2365685960,1
2365685960,8
2365685960,2
2365685960,3
2365685960,4
2365685959,6
2365685959,1
2365685959,8
2365685959,2
2365685959,3
2365685959,4
2365685953,6
2365685953,1
2365685953,7
2365685953,3
2365685953,4
2365685948,3
2365685948,4
2365685947,6
2365685947,1
2365685947,8
2365685947,2
2365685947,3
2365685947,4
2365685946,3
2365685946,4
2365685944,6
2365685944,1
2365685944,3
2365685944,4
2365685943,3
2365685943,4
2365685936,6
2365685936,1
2365685936,8
2365685936,2
2365685936,3
2365685936,4
2365685935,6
2365685935,1
2365685935,8
2365685935,2
2365685935,3
2365685935,4
2365685933,6
2365685933,1
2365685933,8
2365685933,9
2365685933,3
2365685933,4
2365685932,6
2365685932,1
2365685932,7
2365685932,3
2365685932,4
2365685929,3
2365685929,4
2365685924,6
2365685924,1
2365685924,8
2365685924,2
2365685924,3
2365685924,4
2365685923,6
2365685923,1
2365685923,8
2365685923,2
2365685923,3
2365685923,4
2365685922,3
2365685922,4
2365685919,6
2365685919,1
2365685919,3
2365685919,4
2365685915,6
2365685915,1
2365685915,3
2365685915,4
2365685914,6
2365685914,1
2365685914,8
2365685914,2
2365685914,3
2365685914,4
2365685911,6
2365685911,1
2365685911,10
2365685911,3
2365685911,4
2365685908,6
2365685908,1
2365685908,7
2365685908,3
2365685908,4
2365685903,3
2365685903,4
2365685902,6
2365685902,1
2365685902,8
2365685902,2
2365685902,3
2365685902,4
2365685901,3
2365685901,4
2365685899,5
2365685899,3
2365685899,4
2365685898,3
2365685898,4
2365685896,6
2365685896,1
2365685896,8
2365685896,2
2365685896,3
2365685896,4
2365685893,6
2365685893,1
2365685893,8
2365685893,2
2365685893,3
2365685893,4
2365685886,6
2365685886,1
2365685886,8
2365685886,2
2365685886,3
2365685886,4
2365685884,6
2365685884,1
2365685884,8
2365685884,2
2365685884,3
2365685884,4
2365685882,6
2365685882,1
2365685882,8
2365685882,2
2365685882,3
2365685882,4
2365685877,6
2365685877,1
2365685877,7
2365685877,3
2365685877,4
2365685876,6
2365685876,1
2365685876,8
2365685876,2
2365685876,3
2365685876,4
2365685875,6
2365685875,1
2365685875,8
2365685875,2
2365685875,3
2365685875,4
2365685874,3
2365685874,4
2365685871,3
2365685871,4
2365685870,3
2365685870,4
2365685867,6
2365685867,1
2365685867,3
2365685867,4
2365685865,6
2365685865,1
2365685865,7
2365685865,3
2365685865,4
2365685861,6
2365685861,1
2365685861,8
2365685861,2
2365685861,3
2365685861,4
2365685860,6
2365685860,1
2365685860,10
2365685860,3
2365685860,4
2365685859,3
2365685859,4
2365685855,6
2365685855,1
2365685855,7
2365685855,3
2365685855,4
2365685854,3
2365685854,4
2365685852,6
2365685852,1
2365685852,8
2365685852,2
2365685852,3
2365685852,4
2365685851,6
2365685851,1
2365685851,3
2365685851,4
2365685848,6
2365685848,1
2365685848,7
2365685848,3
2365685848,4
2365685847,3
2365685847,4
2365685846,6
2365685846,1
2365685846,8
2365685846,2
2365685846,3
2365685846,4
2365685845,3
2365685845,4
2365685844,3
2365685844,4
2365685842,6
2365685842,1
2365685842,8
2365685842,2
2365685842,3
2365685842,4
2365685841,6
2365685841,1
2365685841,8
2365685841,2
2365685841,3
2365685841,4
2365685840,6
2365685840,1
2365685840,8
2365685840,2
2365685840,3
2365685840,4
2365685837,6
2365685837,1
2365685837,7
2365685837,3
2365685837,4
2365685833,6
2365685833,1
2365685833,8
2365685833,2
2365685833,3
2365685833,4
2365685831,6
2365685831,1
2365685831,7
2365685831,3
2365685831,4
2365685830,6
2365685830,1
2365685830,3
2365685830,4
2365685828,6
2365685828,1
2365685828,7
2365685828,3
2365685828,4
2365685826,6
2365685826,1
2365685826,8
2365685826,2
2365685826,3
2365685826,4
2365685825,3
2365685825,4
2365685824,3
2365685824,4
2365685823,6
2365685823,1
2365685823,7
2365685823,3
2365685823,4
2365685818,6
2365685818,1
2365685818,7
2365685818,3
2365685818,4
2365685817,6
2365685817,1
2365685817,8
2365685817,2
2365685817,3
2365685817,4
2365685816,3
2365685816,4
2365685814,6
2365685814,1
2365685814,7
2365685814,3
2365685814,4
2365685810,6
2365685810,1
2365685810,3
2365685810,4
2365685809,6
2365685809,1
2365685809,7
2365685809,3
2365685809,4
2365685807,6
2365685807,1
2365685807,7
2365685807,3
2365685807,4
2365685806,3
2365685806,4
2365685805,3
2365685805,4
2365685800,6
2365685800,1
2365685800,3
2365685800,4
2365685799,6
2365685799,1
2365685799,7
2365685799,3
2365685799,4
2365685798,3
2365685798,4
2365685797,6
2365685797,1
2365685797,8
2365685797,2
2365685797,3
2365685797,4
2365685796,3
2365685796,4
2365685795,6
2365685795,1
2365685795,8
2365685795,2
2365685795,3
2365685795,4
2365685794,6
2365685794,1
2365685794,8
2365685794,2
2365685794,3
2365685794,4
2365685792,6
2365685792,1
2365685792,8
2365685792,2
2365685792,3
2365685792,4
2365685791,3
2365685791,4
2365685790,6
2365685790,1
2365685790,8
2365685790,2
2365685790,3
2365685790,4
2365685789,6
2365685789,1
2365685789,8
2365685789,2
2365685789,3
2365685789,4
2365685788,3
2365685788,4
2365685787,6
2365685787,1
2365685787,8
2365685787,2
2365685787,3
2365685787,4
2365685786,6
2365685786,1
2365685786,7
2365685786,3
2365685786,4
2365685783,6
2365685783,1
2365685783,8
2365685783,2
2365685783,3
2365685783,4
2365685781,3
2365685781,4
2365685779,6
2365685779,1
2365685779,8
2365685779,2
2365685779,3
2365685779,4
2365685778,6
2365685778,1
2365685778,3
2365685778,4
2365685774,6
2365685774,1
2365685774,3
2365685774,4
2365685773,6
2365685773,1
2365685773,8
2365685773,2
2365685773,3
2365685773,4
2365685769,6
2365685769,1
2365685769,7
2365685769,3
2365685769,4
2365685764,3
2365685764,4
2365685762,3
2365685762,4
2365685759,6
2365685759,1
2365685759,8
2365685759,2
2365685759,3
2365685759,4
2365685756,6
2365685756,1
2365685756,8
2365685756,2
2365685756,3
2365685756,4
2365685755,6
2365685755,1
2365685755,8
2365685755,2
2365685755,3
2365685755,4
2365685750,3
2365685750,4
2365685749,3
2365685749,4
2365685748,6
2365685748,1
2365685748,7
2365685748,3
2365685748,4
2365685746,3
2365685746,4
2365685744,6
2365685744,1
2365685744,3
2365685744,4
2365685742,6
2365685742,1
2365685742,8
2365685742,2
2365685742,3
2365685742,4
2365685740,3
2365685740,4
2365685739,6
2365685739,1
2365685739,8
2365685739,2
2365685739,3
2365685739,4
2365685733,6
2365685733,1
2365685733,7
2365685733,3
2365685733,4
2365685732,6
2365685732,1
2365685732,7
2365685732,3
2365685732,4
2365685731,3
2365685731,4
2365685729,6
2365685729,1
2365685729,7
2365685729,3
2365685729,4
2365685726,6
2365685726,1
2365685726,8
2365685726,2
2365685726,3
2365685726,4
2365685723,6
2365685723,1
2365685723,8
2365685723,2
2365685723,3
2365685723,4
2365685722,3
2365685722,4
2365685720,6
2365685720,1
2365685720,8
2365685720,2
2365685720,3
2365685720,4
2365685714,6
2365685714,1
2365685714,3
2365685714,4
2365685708,3
2365685708,4
2365685707,6
2365685707,1
2365685707,8
2365685707,2
2365685707,3
2365685707,4
2365685705,6
2365685705,1
2365685705,8
2365685705,2
2365685705,3
2365685705,4
2365685704,6
2365685704,1
2365685704,8
2365685704,2
2365685704,3
2365685704,4
2365685703,3
2365685703,4
2365685699,6
2365685699,1
2365685699,8
2365685699,2
2365685699,3
2365685699,4
2365685697,6
2365685697,1
2365685697,8
2365685697,2
2365685697,3
2365685697,4
2365685691,6
2365685691,1
2365685691,3
2365685691,4
2365685689,3
2365685689,4
2365685685,6
2365685685,1
2365685685,7
2365685685,3
2365685685,4
2365685684,3
2365685684,4
2365685677,6
2365685677,1
2365685677,8
2365685677,2
2365685677,3
2365685677,4
2365685666,6
2365685666,1
2365685666,8
2365685666,2
2365685666,3
2365685666,4
2365685663,3
2365685663,4
2365685658,6
2365685658,1
2365685658,8
2365685658,2
2365685658,3
2365685658,4
2365685655,6
2365685655,1
2365685655,7
2365685655,3
2365685655,4
2365685650,3
2365685650,4
2365685649,3
2365685649,4
2365685646,6
2365685646,1
2365685646,3
2365685646,4
2365685644,6
2365685644,1
2365685644,3
2365685644,4
2365685643,3
2365685643,4
2365685639,6
2365685639,1
2365685639,8
2365685639,2
2365685639,3
2365685639,4
2365685637,6
2365685637,1
2365685637,8
2365685637,2
2365685637,3
2365685637,4
2365685631,6
2365685631,1
2365685631,8
2365685631,3
2365685631,4
2365685624,6
2365685624,1
2365685624,8
2365685624,2
2365685624,3
2365685624,4
2365685598,6
2365685598,1
2365685598,3
2365685598,4
2365685596,6
2365685596,1
2365685596,7
2365685596,3
2365685596,4
2365685592,6
2365685592,1
2365685592,8
2365685592,2
2365685592,3
2365685592,4
2365685587,6
2365685587,1
2365685587,8
2365685587,2
2365685587,3
2365685587,4
2365685580,6
2365685580,1
2365685580,8
2365685580,2
2365685580,3
2365685580,4
2365685578,3
2365685578,4
2365685573,6
2365685573,1
2365685573,8
2365685573,2
2365685573,3
2365685573,4
2365685562,6
2365685562,1
2365685562,7
2365685562,3
2365685562,4
2365685559,1
2365685559,8
2365685559,9
2365685559,3
2365685559,4
2365685556,6
2365685556,1
2365685556,8
2365685556,2
2365685556,3
2365685556,4
2365685552,6
2365685552,1
2365685552,3
2365685552,4
2365685550,3
2365685550,4
2365685534,6
2365685534,1
2365685534,7
2365685534,3
2365685534,4
2365685521,6
2365685521,1
2365685521,7
2365685521,3
2365685521,4
2365685520,6
2365685520,1
2365685520,7
2365685520,3
2365685520,4
2365685516,3
2365685516,4
2365685498,3
2365685498,4
2365685493,6
2365685493,1
2365685493,7
2365685493,3
2365685493,4
2365685489,6
2365685489,1
2365685489,3
2365685489,4
2365685488,6
2365685488,1
2365685488,8
2365685488,2
2365685488,3
2365685488,4
2365685480,6
2365685480,1
2365685480,10
2365685480,3
2365685480,4
2365685469,6
2365685469,1
2365685469,7
2365685469,3
2365685469,4
2365685456,6
2365685456,1
2365685456,8
2365685456,2
2365685456,3
2365685456,4
2365685454,6
2365685454,1
2365685454,7
2365685454,3
2365685454,4
2365685449,6
2365685449,1
2365685449,7
2365685449,3
2365685449,4
2365685447,6
2365685447,1
2365685447,8
2365685447,2
2365685447,3
2365685447,4
2365685445,6
2365685445,1
2365685445,8
2365685445,2
2365685445,3
2365685445,4
2365685434,6
2365685434,1
2365685434,3
2365685434,4
2365685432,6
2365685432,1
2365685432,7
2365685432,3
2365685432,4
2365685426,6
2365685426,1
2365685426,7
2365685426,3
2365685426,4
1913497256,6
1913497256,1
1913497256,3
1913497256,4
1913497255,6
1913497255,1
1913497255,3
1913497255,4
1913497254,6
1913497254,1
1913497254,3
1913497254,4
1913497253,6
1913497253,1
1913497253,3
1913497253,4
1913497252,3
1913497252,4
1913497251,6
1913497251,1
1913497251,3
1913497251,4
1913497250,6
1913497250,1
1913497250,3
1913497250,4
1913497249,6
1913497249,1
1913497249,3
1913497249,4
1913497248,6
1913497248,1
1913497248,3
1913497248,4
1913497247,6
1913497247,1
1913497247,3
1913497247,4
1913497246,6
1913497246,1
1913497246,5
1913497246,3
1913497246,4
1913497245,6
1913497245,1
1913497245,3
1913497245,4
1913497244,6
1913497244,1
1913497244,3
1913497244,4
1913497243,6
1913497243,1
1913497243,3
1913497243,4
1913497242,6
1913497242,1
1913497242,3
1913497242,4
1913497241,6
1913497241,1
1913497241,3
1913497241,4
1913497240,6
1913497240,1
1913497240,3
1913497240,4
1913497239,3
1913497239,4
1913497238,6
1913497238,1
1913497238,3
1913497238,4
1913497237,6
1913497237,1
1913497237,3
1913497237,4
1913497236,6
1913497236,1
1913497236,3
1913497236,4
1913497235,6
1913497235,1
1913497235,3
1913497235,4
1913497234,6
1913497234,1
1913497234,3
1913497234,4
1913497233,6
1913497233,1
1913497233,3
1913497233,4
1913497232,6
1913497232,1
1913497232,3
1913497232,4
1913497231,6
1913497231,1
1913497231,3
1913497231,4
1913497230,6
1913497230,1
1913497230,3
1913497230,4
1913497229,6
1913497229,1
1913497229,3
1913497229,4
1913497228,6
1913497228,1
1913497228,3
1913497228,4
1913497227,6
1913497227,1
1913497227,3
1913497227,4
1913497226,6
1913497226,1
1913497226,3
1913497226,4
1913497225,6
1913497225,1
1913497225,3
1913497225,4
1913497224,6
1913497224,1
1913497224,3
1913497224,4
1913497223,6
1913497223,1
1913497223,3
1913497223,4
1913497222,6
1913497222,1
1913497222,3
1913497222,4
1913497221,6
1913497221,1
1913497221,3
1913497221,4
1913497220,6
1913497220,1
1913497220,3
1913497220,4
1913497219,6
1913497219,1
1913497219,3
1913497219,4
1913497218,6
1913497218,1
1913497218,3
1913497218,4
1913497217,6
1913497217,1
1913497217,5
1913497217,3
1913497217,4
1913497216,6
1913497216,1
1913497216,3
1913497216,4
1913497215,6
1913497215,1
1913497215,3
1913497215,4
1913497214,6
1913497214,1
1913497214,3
1913497214,4
1913497213,6
1913497213,1
1913497213,3
1913497213,4
1913497212,6
1913497212,1
1913497212,3
1913497212,4
1913497211,6
1913497211,1
1913497211,3
1913497211,4
1913497210,6
1913497210,1
1913497210,3
1913497210,4
1913497209,6
1913497209,1
1913497209,3
1913497209,4
1913497208,6
1913497208,1
1913497208,3
1913497208,4
1913497207,6
1913497207,1
1913497207,3
1913497207,4
1913497206,6
1913497206,1
1913497206,3
1913497206,4
1913497205,6
1913497205,1
1913497205,3
1913497205,4
1913497204,6
1913497204,1
1913497204,3
1913497204,4
1913497203,6
1913497203,1
1913497203,3
1913497203,4
1913497202,6
1913497202,1
1913497202,3
1913497202,4
1913497201,6
1913497201,1
1913497201,3
1913497201,4
1913497200,6
1913497200,1
1913497200,3
1913497200,4
1913497199,6
1913497199,1
1913497199,3
1913497199,4
1913497198,6
1913497198,1
1913497198,3
1913497198,4
1913497197,6
1913497197,1
1913497197,3
1913497197,4
1913497196,6
1913497196,1
1913497196,3
1913497196,4
1913497195,6
1913497195,1
1913497195,3
1913497195,4
1913497194,6
1913497194,1
1913497194,3
1913497194,4
1913497193,6
1913497193,1
1913497193,3
1913497193,4
1913497192,6
1913497192,1
1913497192,3
1913497192,4
1913497191,6
1913497191,1
1913497191,3
1913497191,4
1913497190,6
1913497190,1
1913497190,3
1913497190,4
1913497189,6
1913497189,1
1913497189,3
1913497189,4
1913497188,6
1913497188,1
1913497188,3
1913497188,4
1913497187,6
1913497187,1
1913497187,3
1913497187,4
1913497186,6
1913497186,1
1913497186,3
1913497186,4
1913497185,6
1913497185,1
1913497185,3
1913497185,4
1913497184,6
1913497184,1
1913497184,3
1913497184,4
1913497183,6
1913497183,1
1913497183,3
1913497183,4
1913497182,6
1913497182,1
1913497182,3
1913497182,4
1913497181,6
1913497181,1
1913497181,3
1913497181,4
1913497180,6
1913497180,1
1913497180,3
1913497180,4
1913497179,6
1913497179,1
1913497179,3
1913497179,4
1913497178,6
1913497178,1
1913497178,3
1913497178,4
1913497177,6
1913497177,1
1913497177,3
1913497177,4
1913497176,6
1913497176,1
1913497176,3
1913497176,4
1913497175,6
1913497175,1
1913497175,3
1913497175,4
1913497174,6
1913497174,1
1913497174,3
1913497174,4
1913497173,6
1913497173,1
1913497173,3
1913497173,4
1913497172,6
1913497172,1
1913497172,3
1913497172,4
1913497171,6
1913497171,1
1913497171,3
1913497171,4
1913497170,6
1913497170,1
1913497170,3
1913497170,4
1913497169,6
1913497169,1
1913497169,3
1913497169,4
1913497168,6
1913497168,1
1913497168,3
1913497168,4
1913497167,6
1913497167,1
1913497167,3
1913497167,4
1913497166,6
1913497166,1
1913497166,3
1913497166,4
1913497165,6
1913497165,1
1913497165,3
1913497165,4
1913497164,6
1913497164,1
1913497164,3
1913497164,4
1913497163,6
1913497163,1
1913497163,3
1913497163,4
1913497162,6
1913497162,1
1913497162,3
1913497162,4
1913497161,6
1913497161,1
1913497161,3
1913497161,4
1913497160,6
1913497160,1
1913497160,3
1913497160,4
1913497159,6
1913497159,1
1913497159,3
1913497159,4
1913497158,6
1913497158,1
1913497158,3
1913497158,4
1913497157,6
1913497157,1
1913497157,3
1913497157,4
1913497156,6
1913497156,1
1913497156,3
1913497156,4
1913497155,6
1913497155,1
1913497155,3
1913497155,4
1913497154,6
1913497154,1
1913497154,3
1913497154,4
1913497153,6
1913497153,1
1913497153,3
1913497153,4
1913497152,6
1913497152,1
1913497152,3
1913497152,4
1913497151,6
1913497151,1
1913497151,3
1913497151,4
1913497150,6
1913497150,1
1913497150,3
1913497150,4
1913497149,6
1913497149,1
1913497149,3
1913497149,4
1913497148,6
1913497148,1
1913497148,3
1913497148,4
1913497147,6
1913497147,1
1913497147,3
1913497147,4
1913497146,6
1913497146,1
1913497146,3
1913497146,4
1913497145,6
1913497145,1
1913497145,3
1913497145,4
1913497144,6
1913497144,1
1913497144,3
1913497144,4
1913497143,6
1913497143,1
1913497143,3
1913497143,4
1913497142,6
1913497142,1
1913497142,3
1913497142,4
1913497141,6
1913497141,1
1913497141,3
1913497141,4
1913497140,6
1913497140,1
1913497140,3
1913497140,4
1913497139,6
1913497139,1
1913497139,3
1913497139,4
1913497138,6
1913497138,1
1913497138,3
1913497138,4
1913497137,6
1913497137,1
1913497137,3
1913497137,4
1913497136,6
1913497136,1
1913497136,3
1913497136,4
1913497135,6
1913497135,1
1913497135,3
1913497135,4
1913497134,6
1913497134,1
1913497134,3
1913497134,4
1913497133,6
1913497133,1
1913497133,3
1913497133,4
1913497132,6
1913497132,1
1913497132,3
1913497132,4
1913497131,6
1913497131,1
1913497131,3
1913497131,4
1913497130,6
1913497130,1
1913497130,3
1913497130,4
1913497129,6
1913497129,1
1913497129,3
1913497129,4
1913497128,6
1913497128,1
1913497128,3
1913497128,4
1913497127,6
1913497127,1
1913497127,3
1913497127,4
1913497126,6
1913497126,1
1913497126,3
1913497126,4
1913497125,6
1913497125,1
1913497125,3
1913497125,4
1913497124,6
1913497124,1
1913497124,3
1913497124,4
1913497123,6
1913497123,1
1913497123,3
1913497123,4
1913497122,6
1913497122,1
1913497122,3
1913497122,4
1913497121,6
1913497121,1
1913497121,3
1913497121,4
1913497120,6
1913497120,1
1913497120,3
1913497120,4
1913497119,6
1913497119,1
1913497119,3
1913497119,4
1913497118,6
1913497118,1
1913497118,3
1913497118,4
1913497117,6
1913497117,1
1913497117,3
1913497117,4
1913497116,6
1913497116,1
1913497116,3
1913497116,4
1913497115,6
1913497115,1
1913497115,3
1913497115,4
1913497114,6
1913497114,1
1913497114,3
1913497114,4
1913497113,6
1913497113,1
1913497113,3
1913497113,4
1913497112,6
1913497112,1
1913497112,3
1913497112,4
1913497111,6
1913497111,1
1913497111,3
1913497111,4
1913497110,6
1913497110,1
1913497110,3
1913497110,4
1913497109,6
1913497109,1
1913497109,3
1913497109,4
1913497108,6
1913497108,1
1913497108,3
1913497108,4
1913497107,6
1913497107,1
1913497107,3
1913497107,4
1913497106,6
1913497106,1
1913497106,3
1913497106,4
1913497105,6
1913497105,1
1913497105,3
1913497105,4
1913497104,6
1913497104,1
1913497104,3
1913497104,4
1913497103,6
1913497103,1
1913497103,3
1913497103,4
1913497102,6
1913497102,1
1913497102,3
1913497102,4
1913497101,6
1913497101,1
1913497101,3
1913497101,4
1913497100,6
1913497100,1
1913497100,3
1913497100,4
1913497099,6
1913497099,1
1913497099,3
1913497099,4
1913497098,6
1913497098,1
1913497098,3
1913497098,4
1913497097,6
1913497097,1
1913497097,3
1913497097,4
1913497096,6
1913497096,1
1913497096,3
1913497096,4
1913497095,6
1913497095,1
1913497095,3
1913497095,4
1913497094,6
1913497094,1
1913497094,3
1913497094,4
1913497093,6
1913497093,1
1913497093,3
1913497093,4
1913497092,6
1913497092,1
1913497092,3
1913497092,4
1913497091,6
1913497091,1
1913497091,3
1913497091,4
1913497090,6
1913497090,1
1913497090,3
1913497090,4
1913497089,6
1913497089,1
1913497089,3
1913497089,4
1913497088,6
1913497088,1
1913497088,3
1913497088,4
1913497087,6
1913497087,1
1913497087,3
1913497087,4
1913497086,6
1913497086,1
1913497086,3
1913497086,4
1913497085,6
1913497085,1
1913497085,3
1913497085,4
1913497084,6
1913497084,1
1913497084,3
1913497084,4
1913497083,3
1913497083,4
1913497082,6
1913497082,1
1913497082,3
1913497082,4
1913497081,6
1913497081,1
1913497081,3
1913497081,4
1913497080,6
1913497080,1
1913497080,3
1913497080,4
1913497079,6
1913497079,1
1913497079,3
1913497079,4
1913497078,6
1913497078,1
1913497078,3
1913497078,4
1913497077,6
1913497077,1
1913497077,3
1913497077,4
1913497076,6
1913497076,1
1913497076,3
1913497076,4
1913497075,6
1913497075,1
1913497075,3
1913497075,4
1913497074,6
1913497074,1
1913497074,3
1913497074,4
1913497073,6
1913497073,1
1913497073,3
1913497073,4
1913497072,6
1913497072,1
1913497072,3
1913497072,4
1913497071,6
1913497071,1
1913497071,3
1913497071,4
1913497070,6
1913497070,1
1913497070,3
1913497070,4
1913497069,6
1913497069,1
1913497069,3
1913497069,4
1913497068,6
1913497068,1
1913497068,3
1913497068,4
1913497067,6
1913497067,1
1913497067,3
1913497067,4
1913497066,6
1913497066,1
1913497066,3
1913497066,4
1913497065,3
1913497065,4
1913497064,6
1913497064,1
1913497064,3
1913497064,4
1913497063,6
1913497063,1
1913497063,3
1913497063,4
1913497062,6
1913497062,1
1913497062,3
1913497062,4
1913497061,3
1913497061,4
1913497060,3
1913497060,4
1913497059,6
1913497059,1
1913497059,3
1913497059,4
1913497058,3
1913497058,4
1913497057,6
1913497057,1
1913497057,3
1913497057,4
1438492829,3
1438492829,4
1438492828,9
1438492828,3
1438492828,4
1438492827,3
1438492827,4
1438492826,3
1438492826,4
1438492825,6
1438492825,1
1438492825,3
1438492825,4
1438492824,3
1438492824,4
1438492823,3
1438492823,4
1438492822,3
1438492822,4
1438492821,6
1438492821,1
1438492821,9
1438492821,3
1438492821,4
1438492820,3
1438492820,4
1438492819,3
1438492819,4
1438492818,3
1438492818,4
1438492817,3
1438492817,4
1438492816,6
1438492816,1
1438492816,9
1438492816,3
1438492816,4
1438492815,6
1438492815,1
1438492815,3
1438492815,4
1438492814,6
1438492814,1
1438492814,9
1438492814,3
1438492814,4
1438492813,3
1438492813,4
1438492812,6
1438492812,1
1438492812,3
1438492812,4
1438492811,3
1438492811,4
1438492810,6
1438492810,1
1438492810,9
1438492810,3
1438492810,4
1438492809,6
1438492809,1
1438492809,9
1438492809,3
1438492809,4
1438492808,6
1438492808,1
1438492808,9
1438492808,3
1438492808,4
1438492807,3
1438492807,4
1438492806,3
1438492806,4
1438492805,3
1438492805,4
1438492804,3
1438492804,4
1438492803,6
1438492803,1
1438492803,9
1438492803,3
1438492803,4
1438492802,3
1438492802,4
1438492801,3
1438492801,4
1438492800,3
1438492800,4
1438492799,6
1438492799,1
1438492799,9
1438492799,3
1438492799,4
1438492798,6
1438492798,1
1438492798,3
1438492798,4
1438492797,6
1438492797,1
1438492797,3
1438492797,4
1438492796,6
1438492796,1
1438492796,3
1438492796,4
1438492795,6
1438492795,1
1438492795,3
1438492795,4
1438492794,6
1438492794,1
1438492794,3
1438492794,4
1438492793,6
1438492793,1
1438492793,3
1438492793,4
1438492792,3
1438492792,4
1438492791,6
1438492791,1
1438492791,3
1438492791,4
1438492790,6
1438492790,1
1438492790,3
1438492790,4
1438492789,6
1438492789,1
1438492789,3
1438492789,4
1438492788,6
1438492788,1
1438492788,3
1438492788,4
1438492787,6
1438492787,1
1438492787,3
1438492787,4
1438492786,6
1438492786,1
1438492786,3
1438492786,4
1438492785,6
1438492785,1
1438492785,3
1438492785,4
1438492784,6
1438492784,1
1438492784,3
1438492784,4
1438492783,3
1438492783,4
1438492782,6
1438492782,1
1438492782,3
1438492782,4
1438492781,6
1438492781,1
1438492781,3
1438492781,4
1438492780,6
1438492780,1
1438492780,3
1438492780,4
1438492779,6
1438492779,1
1438492779,9
1438492779,3
1438492779,4
1438492778,1
1438492778,3
1438492778,4
1438492777,1
1438492777,3
1438492777,4
1438492776,6
1438492776,1
1438492776,3
1438492776,4
1438492775,6
1438492775,1
1438492775,3
1438492775,4
1438492774,6
1438492774,1
1438492774,3
1438492774,4
1438492773,6
1438492773,1
1438492773,3
1438492773,4
1438492772,6
1438492772,1
1438492772,3
1438492772,4
1438492771,6
1438492771,1
1438492771,3
1438492771,4
1438492770,6
1438492770,1
1438492770,3
1438492770,4
1438492769,6
1438492769,1
1438492769,3
1438492769,4
1438492768,6
1438492768,1
1438492768,3
1438492768,4
1438492767,6
1438492767,1
1438492767,3
1438492767,4
1438492766,6
1438492766,1
1438492766,3
1438492766,4
1438492765,6
1438492765,1
1438492765,9
1438492765,3
1438492765,4
1438492764,6
1438492764,1
1438492764,9
1438492764,3
1438492764,4
1438492763,6
1438492763,1
1438492763,3
1438492763,4
1438492762,6
1438492762,1
1438492762,3
1438492762,4
1438492761,6
1438492761,1
1438492761,3
1438492761,4
1438492760,6
1438492760,1
1438492760,3
1438492760,4
1438492759,6
1438492759,1
1438492759,9
1438492759,3
1438492759,4
1438492758,6
1438492758,1
1438492758,3
1438492758,4
1438492757,6
1438492757,1
1438492757,9
1438492757,3
1438492757,4
1438492756,6
1438492756,1
1438492756,3
1438492756,4
1438492755,6
1438492755,1
1438492755,3
1438492755,4
1438492754,6
1438492754,1
1438492754,3
1438492754,4
1438492753,6
1438492753,1
1438492753,3
1438492753,4
1438492752,6
1438492752,1
1438492752,3
1438492752,4
1438492751,1
1438492751,3
1438492751,4
1438492750,1
1438492750,3
1438492750,4
1438492749,6
1438492749,1
1438492749,3
1438492749,4
1438492748,6
1438492748,1
1438492748,9
1438492748,3
1438492748,4
1438492747,6
1438492747,1
1438492747,3
1438492747,4
1438492746,6
1438492746,1
1438492746,9
1438492746,3
1438492746,4
1438492745,6
1438492745,1
1438492745,3
1438492745,4
1438492744,6
1438492744,1
1438492744,3
1438492744,4
1438492743,6
1438492743,1
1438492743,9
1438492743,3
1438492743,4
1438492742,6
1438492742,1
1438492742,9
1438492742,3
1438492742,4
1438492741,6
1438492741,1
1438492741,3
1438492741,4
1438492740,6
1438492740,1
1438492740,3
1438492740,4
1438492739,6
1438492739,1
1438492739,3
1438492739,4
1438492738,6
1438492738,1
1438492738,9
1438492738,3
1438492738,4
1438492737,6
1438492737,1
1438492737,3
1438492737,4
1438492736,6
1438492736,1
1438492736,3
1438492736,4
1438492735,6
1438492735,1
1438492735,9
1438492735,3
1438492735,4
1438492734,6
1438492734,1
1438492734,3
1438492734,4
1438492733,6
1438492733,1
1438492733,3
1438492733,4
1438492732,6
1438492732,1
1438492732,9
1438492732,3
1438492732,4
1438492731,6
1438492731,1
1438492731,3
1438492731,4
1438492730,6
1438492730,1
1438492730,9
1438492730,3
1438492730,4
1438492729,6
1438492729,1
1438492729,9
1438492729,3
1438492729,4
1438492728,6
1438492728,1
1438492728,3
1438492728,4
1438492727,6
1438492727,1
1438492727,3
1438492727,4
1438492726,6
1438492726,1
1438492726,3
1438492726,4
1438492725,6
1438492725,1
1438492725,9
1438492725,3
1438492725,4
1438492724,6
1438492724,1
1438492724,3
1438492724,4
1438492723,6
1438492723,1
1438492723,3
1438492723,4
1438492722,6
1438492722,1
1438492722,3
1438492722,4
1438492721,6
1438492721,1
1438492721,3
1438492721,4
1438492720,6
1438492720,1
1438492720,3
1438492720,4
1438492719,6
1438492719,1
1438492719,3
1438492719,4
1438492718,6
1438492718,1
1438492718,3
1438492718,4
1438492717,6
1438492717,1
1438492717,9
1438492717,3
1438492717,4
1438492716,6
1438492716,1
1438492716,3
1438492716,4
1438492715,6
1438492715,1
1438492715,3
1438492715,4
1438492714,6
1438492714,1
1438492714,3
1438492714,4
1438492713,6
1438492713,1
1438492713,3
1438492713,4
1438492712,6
1438492712,1
1438492712,3
1438492712,4
1438492711,6
1438492711,1
1438492711,3
1438492711,4
1438492710,6
1438492710,1
1438492710,3
1438492710,4
1438492709,1
1438492709,3
1438492709,4
1438492708,6
1438492708,1
1438492708,3
1438492708,4
1438492707,6
1438492707,1
1438492707,3
1438492707,4
1438492706,6
1438492706,1
1438492706,3
1438492706,4
1438492705,6
1438492705,1
1438492705,3
1438492705,4
1438492704,6
1438492704,1
1438492704,3
1438492704,4
1438492703,6
1438492703,1
1438492703,3
1438492703,4
1438492702,6
1438492702,1
1438492702,3
1438492702,4
1438492701,6
1438492701,1
1438492701,3
1438492701,4
1438492700,1
1438492700,3
1438492700,4
1438492699,6
1438492699,1
1438492699,3
1438492699,4
1438492698,6
1438492698,1
1438492698,3
1438492698,4
1438492697,9
1438492697,3
1438492697,4
1438492696,6
1438492696,1
1438492696,3
1438492696,4
1438492695,6
1438492695,1
1438492695,9
1438492695,3
1438492695,4
1438492694,6
1438492694,1
1438492694,9
1438492694,3
1438492694,4
1438492693,6
1438492693,1
1438492693,3
1438492693,4
1438492692,6
1438492692,1
1438492692,3
1438492692,4
1438492691,6
1438492691,1
1438492691,3
1438492691,4
1438492690,6
1438492690,1
1438492690,3
1438492690,4
1438492689,6
1438492689,1
1438492689,3
1438492689,4
1438492688,6
1438492688,1
1438492688,9
1438492688,3
1438492688,4
1438492687,6
1438492687,1
1438492687,3
1438492687,4
1438492686,6
1438492686,1
1438492686,3
1438492686,4
1438492685,6
1438492685,1
1438492685,3
1438492685,4
1438492684,6
1438492684,1
1438492684,3
1438492684,4
1438492683,6
1438492683,1
1438492683,9
1438492683,3
1438492683,4
1438492682,6
1438492682,1
1438492682,9
1438492682,3
1438492682,4
1438492681,6
1438492681,1
1438492681,9
1438492681,3
1438492681,4
1438492680,6
1438492680,1
1438492680,3
1438492680,4
1438492679,6
1438492679,1
1438492679,9
1438492679,3
1438492679,4
1438492678,6
1438492678,1
1438492678,3
1438492678,4
1438492677,6
1438492677,1
1438492677,3
1438492677,4
1438492676,6
1438492676,1
1438492676,3
1438492676,4
1438492675,6
1438492675,1
1438492675,3
1438492675,4
1438492674,6
1438492674,1
1438492674,3
1438492674,4
1438492673,6
1438492673,1
1438492673,3
1438492673,4
1438492672,6
1438492672,1
1438492672,3
1438492672,4
1438492671,6
1438492671,1
1438492671,3
1438492671,4
1438492670,6
1438492670,1
1438492670,3
1438492670,4
1438492669,6
1438492669,1
1438492669,9
1438492669,3
1438492669,4
1438492668,6
1438492668,1
1438492668,3
1438492668,4
1438492667,6
1438492667,1
1438492667,3
1438492667,4
1438492666,6
1438492666,1
1438492666,3
1438492666,4
1438492665,9
1438492665,3
1438492665,4
1438492664,6
1438492664,1
1438492664,9
1438492664,3
1438492664,4
1438492663,6
1438492663,1
1438492663,9
1438492663,3
1438492663,4
1438492662,6
1438492662,1
1438492662,3
1438492662,4
1438492661,6
1438492661,1
1438492661,10
1438492661,3
1438492661,4
1438492660,6
1438492660,1
1438492660,3
1438492660,4
1438492659,6
1438492659,1
1438492659,9
1438492659,3
1438492659,4
1438492658,6
1438492658,1
1438492658,3
1438492658,4
1438492657,6
1438492657,1
1438492657,9
1438492657,3
1438492657,4
1438492656,6
1438492656,1
1438492656,3
1438492656,4
1438492655,6
1438492655,1
1438492655,3
1438492655,4
1438492654,6
1438492654,1
1438492654,3
1438492654,4
1438492653,6
1438492653,1
1438492653,3
1438492653,4
1438492652,6
1438492652,1
1438492652,3
1438492652,4
1438492651,6
1438492651,1
1438492651,3
1438492651,4
1438492650,6
1438492650,1
1438492650,3
1438492650,4
1438492649,6
1438492649,1
1438492649,3
1438492649,4
1438492648,6
1438492648,1
1438492648,9
1438492648,3
1438492648,4
1438492647,6
1438492647,1
1438492647,3
1438492647,4
1438492646,6
1438492646,1
1438492646,3
1438492646,4
1438492645,6
1438492645,1
1438492645,3
1438492645,4
1438492644,6
1438492644,1
1438492644,9
1438492644,3
1438492644,4
1438492643,6
1438492643,1
1438492643,3
1438492643,4
1438492642,6
1438492642,1
1438492642,3
1438492642,4
1438492641,6
1438492641,1
1438492641,9
1438492641,3
1438492641,4
1438492640,6
1438492640,1
1438492640,3
1438492640,4
1438492639,6
1438492639,1
1438492639,3
1438492639,4
1438492638,6
1438492638,1
1438492638,3
1438492638,4
1438492637,6
1438492637,1
1438492637,3
1438492637,4
1438492636,6
1438492636,1
1438492636,3
1438492636,4
1438492635,6
1438492635,1
1438492635,3
1438492635,4
1438492634,6
1438492634,1
1438492634,3
1438492634,4
1438492633,6
1438492633,1
1438492633,3
1438492633,4
1438492632,6
1438492632,1
1438492632,3
1438492632,4
1438492631,6
1438492631,1
1438492631,3
1438492631,4
1438492630,6
1438492630,1
1438492630,9
1438492630,3
1438492630,4
1438492629,6
1438492629,1
1438492629,3
1438492629,4
1438492628,6
1438492628,1
1438492628,3
1438492628,4
1438492627,6
1438492627,1
1438492627,3
1438492627,4
1438492626,6
1438492626,1
1438492626,3
1438492626,4
1438492625,6
1438492625,1
1438492625,5
1438492625,3
1438492625,4
1438492624,6
1438492624,1
1438492624,3
1438492624,4
1438492623,6
1438492623,1
1438492623,3
1438492623,4
1438492622,6
1438492622,1
1438492622,9
1438492622,3
1438492622,4
1438492621,6
1438492621,1
1438492621,9
1438492621,3
1438492621,4
1438492620,6
1438492620,1
1438492620,3
1438492620,4
1438492619,6
1438492619,1
1438492619,3
1438492619,4
1438492618,6
1438492618,1
1438492618,9
1438492618,3
1438492618,4
1438492617,6
1438492617,1
1438492617,9
1438492617,3
1438492617,4
1438492616,6
1438492616,1
1438492616,9
1438492616,3
1438492616,4
1438492615,6
1438492615,1
1438492615,9
1438492615,3
1438492615,4
1438492614,6
1438492614,1
1438492614,9
1438492614,3
1438492614,4
1438492613,6
1438492613,1
1438492613,9
1438492613,3
1438492613,4
1438492612,6
1438492612,1
1438492612,9
1438492612,3
1438492612,4
1438492611,6
1438492611,1
1438492611,9
1438492611,3
1438492611,4
1438492610,6
1438492610,1
1438492610,9
1438492610,3
1438492610,4
1438492609,6
1438492609,1
1438492609,9
1438492609,3
1438492609,4
1438492608,6
1438492608,1
1438492608,9
1438492608,3
1438492608,4
1438492607,6
1438492607,1
1438492607,9
1438492607,3
1438492607,4
1438492606,6
1438492606,1
1438492606,9
1438492606,3
1438492606,4
1438492605,6
1438492605,1
1438492605,9
1438492605,3
1438492605,4
1438492604,6
1438492604,1
1438492604,9
1438492604,3
1438492604,4
1438492603,6
1438492603,1
1438492603,9
1438492603,3
1438492603,4
1438492602,6
1438492602,1
1438492602,9
1438492602,3
1438492602,4
1438492601,6
1438492601,1
1438492601,9
1438492601,3
1438492601,4
1438492600,6
1438492600,1
1438492600,9
1438492600,3
1438492600,4
1438492599,6
1438492599,1
1438492599,9
1438492599,3
1438492599,4
1438492598,6
1438492598,1
1438492598,9
1438492598,3
1438492598,4
1438492597,6
1438492597,1
1438492597,9
1438492597,3
1438492597,4
1438492596,6
1438492596,1
1438492596,9
1438492596,3
1438492596,4
1438492595,6
1438492595,1
1438492595,9
1438492595,3
1438492595,4
1438492594,6
1438492594,1
1438492594,9
1438492594,3
1438492594,4
1438492593,6
1438492593,1
1438492593,9
1438492593,3
1438492593,4
1438492592,6
1438492592,1
1438492592,3
1438492592,4
1438492591,6
1438492591,1
1438492591,9
1438492591,3
1438492591,4
1438492590,6
1438492590,1
1438492590,9
1438492590,3
1438492590,4
1438492589,6
1438492589,1
1438492589,3
1438492589,4
1438492588,6
1438492588,1
1438492588,3
1438492588,4
1438492587,6
1438492587,1
1438492587,3
1438492587,4
1438492586,6
1438492586,1
1438492586,9
1438492586,3
1438492586,4
1438492585,6
1438492585,1
1438492585,9
1438492585,3
1438492585,4
1438492584,6
1438492584,1
1438492584,9
1438492584,3
1438492584,4
1438492583,6
1438492583,1
1438492583,9
1438492583,3
1438492583,4
1438492582,6
1438492582,1
1438492582,3
1438492582,4
1438492581,6
1438492581,1
1438492581,9
1438492581,3
1438492581,4
1438492580,6
1438492580,1
1438492580,3
1438492580,4
1438492579,6
1438492579,1
1438492579,3
1438492579,4
1438492578,6
1438492578,1
1438492578,9
1438492578,3
1438492578,4
1438492577,6
1438492577,1
1438492577,3
1438492577,4
1438492576,6
1438492576,1
1438492576,9
1438492576,3
1438492576,4
1438492575,6
1438492575,1
1438492575,9
1438492575,3
1438492575,4
1438492574,6
1438492574,1
1438492574,9
1438492574,3
1438492574,4
1438492573,6
1438492573,1
1438492573,9
1438492573,3
1438492573,4
1438492572,6
1438492572,1
1438492572,3
1438492572,4
1438492571,6
1438492571,1
1438492571,9
1438492571,3
1438492571,4
1438492570,6
1438492570,1
1438492570,3
1438492570,4
1438492569,6
1438492569,1
1438492569,9
1438492569,3
1438492569,4
1438492568,6
1438492568,1
1438492568,9
1438492568,3
1438492568,4
1438492567,6
1438492567,1
1438492567,9
1438492567,3
1438492567,4
1438492566,6
1438492566,1
1438492566,3
1438492566,4
1438492565,6
1438492565,1
1438492565,9
1438492565,3
1438492565,4
1438492564,6
1438492564,1
1438492564,9
1438492564,3
1438492564,4
1438492563,6
1438492563,1
1438492563,9
1438492563,3
1438492563,4
1438492562,6
1438492562,1
1438492562,9
1438492562,3
1438492562,4
1438492561,6
1438492561,1
1438492561,9
1438492561,3
1438492561,4
1438492560,6
1438492560,1
1438492560,9
1438492560,3
1438492560,4
1438492559,6
1438492559,1
1438492559,3
1438492559,4
1438492558,6
1438492558,1
1438492558,9
1438492558,3
1438492558,4
1438492557,6
1438492557,1
1438492557,9
1438492557,3
1438492557,4
1438492556,6
1438492556,1
1438492556,9
1438492556,3
1438492556,4
1438492555,6
1438492555,1
1438492555,9
1438492555,3
1438492555,4
1438492554,6
1438492554,1
1438492554,9
1438492554,3
1438492554,4
1438492553,6
1438492553,1
1438492553,9
1438492553,3
1438492553,4
1438492552,6
1438492552,1
1438492552,3
1438492552,4
1438492551,6
1438492551,1
1438492551,9
1438492551,3
1438492551,4
1438492550,6
1438492550,1
1438492550,3
1438492550,4
1438492549,6
1438492549,1
1438492549,9
1438492549,3
1438492549,4
1438492548,6
1438492548,1
1438492548,9
1438492548,3
1438492548,4
1438492547,6
1438492547,1
1438492547,9
1438492547,3
1438492547,4
1438492546,6
1438492546,1
1438492546,9
1438492546,3
1438492546,4
1438492545,6
1438492545,1
1438492545,3
1438492545,4
1438492544,6
1438492544,1
1438492544,9
1438492544,3
1438492544,4
1438492543,6
1438492543,1
1438492543,9
1438492543,3
1438492543,4
1438492542,6
1438492542,1
1438492542,9
1438492542,3
1438492542,4
1438492541,6
1438492541,1
1438492541,3
1438492541,4
1438492540,6
1438492540,1
1438492540,9
1438492540,3
1438492540,4
1438492539,6
1438492539,1
1438492539,3
1438492539,4
1438492538,6
1438492538,1
1438492538,9
1438492538,3
1438492538,4
1438492537,6
1438492537,1
1438492537,9
1438492537,3
1438492537,4
1438492536,6
1438492536,1
1438492536,9
1438492536,3
1438492536,4
1438492535,6
1438492535,1
1438492535,9
1438492535,3
1438492535,4
1438492534,6
1438492534,1
1438492534,9
1438492534,3
1438492534,4
1438492533,6
1438492533,1
1438492533,3
1438492533,4
1438492532,6
1438492532,1
1438492532,3
1438492532,4
1438492531,6
1438492531,1
1438492531,3
1438492531,4
1438492530,6
1438492530,1
1438492530,3
1438492530,4
1438492529,6
1438492529,1
1438492529,3
1438492529,4
1438492528,6
1438492528,1
1438492528,3
1438492528,4
1438492527,6
1438492527,1
1438492527,3
1438492527,4
1438492526,6
1438492526,1
1438492526,9
1438492526,3
1438492526,4
1438492525,6
1438492525,1
1438492525,9
1438492525,3
1438492525,4
1438492524,6
1438492524,1
1438492524,9
1438492524,3
1438492524,4
1438492523,6
1438492523,1
1438492523,9
1438492523,3
1438492523,4
1438492522,6
1438492522,1
1438492522,9
1438492522,3
1438492522,4
1438492521,6
1438492521,1
1438492521,3
1438492521,4
1438492520,6
1438492520,1
1438492520,3
1438492520,4
1438492519,6
1438492519,1
1438492519,3
1438492519,4
1438492518,6
1438492518,1
1438492518,3
1438492518,4
1438492517,6
1438492517,1
1438492517,3
1438492517,4
1438492516,6
1438492516,1
1438492516,3
1438492516,4
1438492515,6
1438492515,1
1438492515,3
1438492515,4
1438492514,6
1438492514,1
1438492514,3
1438492514,4
1438492513,6
1438492513,1
1438492513,3
1438492513,4
1438492512,6
1438492512,1
1438492512,3
1438492512,4
1438492511,6
1438492511,1
1438492511,3
1438492511,4
1438492510,6
1438492510,1
1438492510,3
1438492510,4
1438492509,6
1438492509,1
1438492509,3
1438492509,4
1438492508,6
1438492508,1
1438492508,3
1438492508,4
1438492507,6
1438492507,1
1438492507,3
1438492507,4
1438492506,6
1438492506,1
1438492506,3
1438492506,4
1438492505,6
1438492505,1
1438492505,3
1438492505,4
1438492504,6
1438492504,1
1438492504,3
1438492504,4
1438492503,6
1438492503,1
1438492503,3
1438492503,4
1438492502,6
1438492502,1
1438492502,3
1438492502,4
1438492501,6
1438492501,1
1438492501,3
1438492501,4
1438492500,6
1438492500,1
1438492500,3
1438492500,4
1438492499,6
1438492499,1
1438492499,3
1438492499,4
1438492498,6
1438492498,1
1438492498,3
1438492498,4
1438492497,6
1438492497,1
1438492497,3
1438492497,4
1438492496,6
1438492496,1
1438492496,3
1438492496,4
1438492495,6
1438492495,1
1438492495,3
1438492495,4
1438492494,6
1438492494,1
1438492494,3
1438492494,4
1438492493,6
1438492493,1
1438492493,3
1438492493,4
1438492492,6
1438492492,1
1438492492,3
1438492492,4
1438492491,6
1438492491,1
1438492491,3
1438492491,4
1438492490,6
1438492490,1
1438492490,3
1438492490,4
1438492489,6
1438492489,1
1438492489,3
1438492489,4
1438492488,6
1438492488,1
1438492488,3
1438492488,4
1438492487,6
1438492487,1
1438492487,3
1438492487,4
1438492486,6
1438492486,1
1438492486,3
1438492486,4
1438492485,6
1438492485,1
1438492485,3
1438492485,4
1438492484,6
1438492484,1
1438492484,3
1438492484,4
1438492483,6
1438492483,1
1438492483,3
1438492483,4
1438492482,6
1438492482,1
1438492482,3
1438492482,4
1438492481,6
1438492481,1
1438492481,3
1438492481,4
1438492480,6
1438492480,1
1438492480,3
1438492480,4
1438492479,6
1438492479,1
1438492479,3
1438492479,4
1438492478,6
1438492478,1
1438492478,3
1438492478,4
1438492477,6
1438492477,1
1438492477,3
1438492477,4
1438492476,6
1438492476,1
1438492476,3
1438492476,4
1438492475,6
1438492475,1
1438492475,3
1438492475,4
1438492474,6
1438492474,1
1438492474,3
1438492474,4
1438492473,6
1438492473,1
1438492473,3
1438492473,4
1438492472,6
1438492472,1
1438492472,3
1438492472,4
1438492471,6
1438492471,1
1438492471,3
1438492471,4
